Engine_ID,Predicted_RUL,Actual_RUL,Alert
0,75.67097,78,NO
1,140.01334,166,NO
2,170.11626,132,NO
3,170.04727,178,NO
4,78.22856,76,NO
5,91.38787,88,NO
6,38.697792,40,NO
7,152.08801,126,NO
8,18.90489,21,YES
9,34.254726,39,NO
10,89.85339,64,NO
11,63.684994,49,NO
12,33.88554,37,NO
13,52.499416,48,NO
14,168.91133,229,NO
15,84.6256,90,NO
16,6.0723124,9,YES
17,170.11877,152,NO
18,170.13129,187,NO
19,152.3819,123,NO
20,160.23624,230,NO
21,43.136654,56,NO
22,14.090258,13,YES
23,40.666042,60,NO
24,45.55877,53,NO
25,169.83868,192,NO
26,46.891705,48,NO
27,54.604782,63,NO
28,72.61675,92,NO
29,86.8041,97,NO
30,39.878876,44,NO
31,92.83399,101,NO
32,47.66099,52,NO
33,136.5011,101,NO
34,70.752304,78,NO
35,17.861568,20,YES
36,143.26923,162,NO
37,66.245834,56,NO
38,115.07601,68,NO
39,41.091366,41,NO
40,111.528465,98,NO
41,66.74215,77,NO
42,135.41339,126,NO
43,79.0212,72,NO
44,133.39752,106,NO
45,42.340786,57,NO
46,60.806164,72,NO
47,95.26742,132,NO
48,23.383842,27,NO
49,129.03127,120,NO
50,7.3524346,6,YES
51,147.48251,95,NO
52,13.022821,7,YES
53,31.171547,19,NO
54,10.60305,11,YES
55,162.29951,93,NO
56,39.018883,50,NO
57,10.124983,6,YES
58,139.56305,98,NO
59,3.7314582,3,YES
60,170.09625,127,NO
61,160.89728,231,NO
62,21.3376,21,NO
63,170.03139,159,NO
64,170.1215,176,NO
65,168.97458,237,NO
66,3.3746345,6,YES
67,168.66336,147,NO
68,143.71214,181,NO
69,131.74973,143,NO
70,98.06863,72,NO
71,43.536304,34,NO
72,48.280693,47,NO
73,-0.4971373,0,YES
74,168.62885,147,NO
75,30.87125,42,NO
76,23.882599,15,NO
77,118.624275,117,NO
78,163.89806,153,NO
79,129.41669,100,NO
80,19.776648,16,YES
81,72.758995,67,NO
82,122.60635,128,NO
83,169.51175,219,NO
84,6.4348307,6,YES
85,55.771187,76,NO
86,123.97788,118,NO
87,83.1885,57,NO
88,78.231155,108,NO
89,99.60761,74,NO
90,41.374203,44,NO
91,163.86096,175,NO
92,46.886127,54,NO
93,52.39461,62,NO
94,20.764097,15,NO
95,161.44693,154,NO
96,125.78552,162,NO
97,112.77663,77,NO
98,104.24852,118,NO
99,170.11911,133,NO
100,32.373997,42,NO
101,49.97325,62,NO
102,170.10916,174,NO
103,159.88342,132,NO
104,166.96219,95,NO
105,165.96643,97,NO
106,147.98157,130,NO
107,39.878487,49,NO
108,169.4946,213,NO
109,124.67138,107,NO
110,157.7083,135,NO
111,40.420956,41,NO
112,78.853546,75,NO
113,122.43845,103,NO
114,163.79062,178,NO
115,102.99871,75,NO
116,49.641144,61,NO
117,70.38766,77,NO
118,77.89709,70,NO
119,81.26405,59,NO
120,52.888157,60,NO
121,37.09653,24,NO
122,144.47302,179,NO
123,107.74853,126,NO
124,19.809338,20,YES
125,12.097469,10,YES
126,114.40368,148,NO
127,100.08804,71,NO
128,170.12102,220,NO
129,11.516235,9,YES
130,82.58692,77,NO
131,75.43626,85,NO
132,170.1088,182,NO
133,93.605415,151,NO
134,28.155525,33,NO
135,26.502045,22,NO
136,170.12637,222,NO
137,86.955284,67,NO
138,48.720135,44,NO
139,133.3263,182,NO
140,113.78358,149,NO
141,117.57984,85,NO
142,100.40307,124,NO
143,140.19337,123,NO
144,11.610178,13,YES
145,0.6988065,2,YES
146,88.88727,103,NO
147,92.87808,140,NO
148,28.196424,21,NO
149,131.79749,113,NO
150,166.91025,235,NO
151,147.54196,164,NO
152,159.54184,170,NO
153,136.97897,127,NO
154,81.72056,105,NO
155,35.07355,39,NO
156,22.025433,28,NO
157,80.34176,87,NO
158,68.565,92,NO
159,2.972018,4,YES
160,11.351593,17,YES
161,105.96529,81,NO
162,3.9571948,2,YES
163,45.316387,45,NO
164,44.81556,60,NO
165,70.98732,94,NO
166,101.79714,127,NO
167,97.20284,94,NO
168,107.559494,96,NO
169,120.67141,77,NO
170,142.22456,133,NO
171,56.776966,61,NO
172,46.558376,49,NO
173,112.298134,96,NO
174,126.72645,151,NO
175,170.12935,157,NO
176,134.2052,122,NO
177,34.217976,39,NO
178,61.083668,60,NO
179,100.322365,95,NO
180,57.96584,65,NO
181,7.49091,7,YES
182,139.16394,87,NO
183,46.89829,59,NO
184,170.11903,186,NO
185,169.79897,183,NO
186,68.18356,68,NO
187,131.80157,145,NO
188,107.29877,95,NO
189,170.03494,201,NO
190,83.58041,77,NO
191,37.190456,31,NO
192,131.47736,88,NO
193,61.299393,71,NO
194,55.690693,68,NO
195,12.586111,10,YES
196,170.11856,184,NO
197,98.43586,91,NO
198,135.9694,95,NO
199,13.01885,12,YES
200,110.64924,121,NO
201,68.69335,69,NO
202,132.98428,183,NO
203,22.01403,20,NO
204,60.952625,71,NO
205,26.01761,25,NO
206,137.13202,130,NO
207,18.149187,13,YES
208,36.46776,37,NO
209,111.13137,130,NO
210,35.048084,40,NO
211,69.50715,73,NO
212,27.612423,17,NO
213,15.409937,23,YES
214,27.27055,20,NO
215,24.849072,33,NO
216,115.423836,156,NO
217,53.756077,61,NO
218,35.389397,49,NO
219,81.63123,65,NO
220,49.208202,49,NO
221,139.83118,144,NO
222,127.458916,113,NO
223,75.353966,79,NO
224,28.45791,28,NO
225,170.12799,251,NO
226,166.89505,120,NO
227,9.330784,12,YES
228,36.43311,55,NO
229,141.95694,155,NO
230,132.15839,110,NO
231,124.38212,183,NO
232,60.57848,56,NO
233,169.77469,235,NO
234,20.106373,17,NO
235,169.81223,179,NO
236,50.394962,47,NO
237,99.11541,92,NO
238,45.471485,51,NO
239,112.32189,130,NO
240,141.88019,171,NO
241,108.2667,113,NO
242,52.276752,45,NO
243,96.26274,104,NO
244,127.434944,119,NO
245,26.009094,28,NO
246,27.869251,25,NO
247,35.905293,40,NO
248,20.189054,12,NO
249,121.88376,123,NO
250,168.93454,194,NO
251,69.543655,74,NO
252,119.823524,78,NO
253,170.104,209,NO
254,36.79188,34,NO
255,122.491264,98,NO
256,62.060764,73,NO
257,70.372604,67,NO
258,52.485508,33,NO
259,164.67188,227,NO
260,5.6951504,3,YES
261,14.791779,12,YES
262,9.995352,14,YES
263,66.399124,65,NO
264,72.37937,71,NO
265,38.208607,37,NO
266,4.3731174,6,YES
267,67.44294,64,NO
268,164.23938,121,NO
269,152.28592,90,NO
270,6.752744,1,YES
271,84.88737,61,NO
272,61.987965,68,NO
273,19.89169,24,YES
274,128.7636,121,NO
275,44.065464,61,NO
276,153.70795,129,NO
277,94.22399,92,NO
278,90.44031,68,NO
279,168.74548,170,NO
280,61.820534,63,NO
281,32.6886,27,NO
282,54.396885,57,NO
283,169.55789,226,NO
284,168.2933,149,NO
285,168.84435,216,NO
286,27.008762,31,NO
287,20.521809,20,NO
288,122.76087,139,NO
289,170.11609,161,NO
290,37.18146,47,NO
291,99.10087,73,NO
292,170.1086,182,NO
293,139.5899,126,NO
294,168.8294,152,NO
295,37.631332,41,NO
296,157.26999,119,NO
297,170.11292,187,NO
298,119.32295,179,NO
299,124.33718,87,NO
300,128.97742,133,NO
301,102.98783,106,NO
302,9.710402,6,YES
303,93.16651,83,NO
304,54.709927,41,NO
305,31.054169,28,NO
306,146.05405,185,NO
307,9.267946,9,YES
308,123.726776,107,NO
309,169.92477,116,NO
310,163.09602,182,NO
311,87.08144,101,NO
312,169.90813,143,NO
313,29.222017,37,NO
314,36.40315,56,NO
315,108.87166,158,NO
316,116.371895,124,NO
317,135.53894,157,NO
318,73.7644,51,NO
319,54.003754,45,NO
320,54.752094,47,NO
321,167.71255,193,NO
322,28.15938,26,NO
323,61.36798,57,NO
324,13.737007,17,YES
325,101.66032,102,NO
326,65.67915,57,NO
327,105.22936,89,NO
328,87.66211,90,NO
329,122.736885,145,NO
330,128.01205,137,NO
331,164.05205,255,NO
332,33.273388,49,NO
333,4.815132,2,YES
334,139.41327,253,NO
335,156.2187,138,NO
336,65.95994,64,NO
337,149.47272,133,NO
338,170.13544,240,NO
339,53.39394,52,NO
340,128.17876,102,NO
341,124.09257,86,NO
342,15.115442,20,YES
343,154.03613,121,NO
344,140.67706,135,NO
345,50.35655,61,NO
346,117.970146,86,NO
347,115.92562,120,NO
348,169.43903,226,NO
349,6.4195914,0,YES
350,146.73868,109,NO
351,125.637825,128,NO
352,93.51298,82,NO
353,54.058548,38,NO
354,170.08667,156,NO
355,53.717014,50,NO
356,69.566,84,NO
357,49.103497,28,NO
358,48.059223,42,NO
359,170.09918,142,NO
360,89.387276,87,NO
361,170.13013,164,NO
362,136.11343,150,NO
363,170.12434,146,NO
364,36.082195,44,NO
365,94.05781,93,NO
366,170.11362,252,NO
367,71.19868,65,NO
368,164.1455,121,NO
369,128.15439,121,NO
370,169.97061,112,NO
371,144.78604,124,NO
372,14.750427,12,YES
373,161.04738,118,NO
374,63.063026,61,NO
375,19.798365,18,YES
376,144.6839,153,NO
377,87.989006,95,NO
378,120.34463,114,NO
379,118.77222,97,NO
380,25.970612,22,NO
381,164.94217,160,NO
382,51.312664,32,NO
383,12.876564,18,YES
384,9.702641,18,YES
385,69.52523,79,NO
386,65.49917,83,NO
387,168.91924,155,NO
388,8.8179035,11,YES
389,57.324673,57,NO
390,64.84197,65,NO
391,8.604683,7,YES
392,20.311497,12,NO
393,139.37231,122,NO
394,170.13364,175,NO
395,115.04987,138,NO
396,82.43516,89,NO
397,164.14409,222,NO
398,34.22743,34,NO
399,37.46072,36,NO
400,166.15591,243,NO
401,71.71226,93,NO
402,36.327595,45,NO
403,11.993555,5,YES
404,169.18802,254,NO
405,68.906136,58,NO
406,155.1838,161,NO
407,119.247734,141,NO
408,16.564264,17,YES
409,21.490967,19,NO
410,74.826485,102,NO
411,88.154274,96,NO
412,158.08163,149,NO
413,130.33861,98,NO
414,67.50562,59,NO
415,161.79587,283,NO
416,165.34125,192,NO
417,155.48044,146,NO
418,43.28236,35,NO
419,140.99544,131,NO
420,88.12259,114,NO
421,124.055786,189,NO
422,145.81606,137,NO
423,108.331314,95,NO
424,169.82738,136,NO
425,6.7310767,1,YES
426,38.60922,36,NO
427,170.12677,156,NO
428,161.09532,198,NO
429,138.89926,129,NO
430,41.89964,43,NO
431,93.42542,87,NO
432,59.301144,57,NO
433,129.6028,146,NO
434,127.30988,154,NO
435,65.12113,70,NO
436,25.623436,28,NO
437,32.143528,33,NO
438,170.11728,169,NO
439,9.122348,13,YES
440,43.90402,33,NO
441,23.75191,39,NO
442,165.17688,108,NO
443,134.97995,129,NO
444,94.05236,114,NO
445,134.26913,99,NO
446,169.01312,144,NO
447,169.97983,190,NO
448,148.61394,162,NO
449,15.279781,26,YES
450,82.5042,85,NO
451,106.127426,88,NO
452,59.48946,43,NO
453,164.10349,223,NO
454,92.059265,66,NO
455,82.32568,64,NO
456,155.96062,166,NO
457,74.65002,84,NO
458,119.030235,138,NO
459,21.728346,25,NO
460,13.527037,18,YES
461,3.758587,4,YES
462,72.60999,70,NO
463,155.55861,181,NO
464,36.254337,19,NO
465,92.9015,111,NO
466,65.36663,67,NO
467,65.76445,91,NO
468,13.011875,22,YES
469,139.31004,147,NO
470,170.1048,130,NO
471,116.75826,142,NO
472,1.2085589,1,YES
473,88.60603,72,NO
474,119.96234,123,NO
475,34.478718,50,NO
476,141.51471,193,NO
477,163.42395,284,NO
478,165.08005,141,NO
479,56.430622,56,NO
480,142.33368,91,NO
481,169.99771,138,NO
482,77.8395,88,NO
483,89.71317,87,NO
484,143.97801,161,NO
485,163.84244,242,NO
486,96.87884,81,NO
487,167.27357,93,NO
488,19.582401,8,YES
489,141.49315,158,NO
490,170.12967,173,NO
491,77.897705,76,NO
492,167.9849,162,NO
493,79.16747,64,NO
494,112.54873,117,NO
495,2.857685,3,YES
496,4.228279,1,YES
497,6.123418,5,YES
498,46.998333,33,NO
499,165.82365,130,NO
500,40.299843,38,NO
501,170.1189,141,NO
502,40.413532,43,NO
503,69.39309,69,NO
504,59.43504,51,NO
505,91.95051,110,NO
506,37.1569,34,NO
507,169.84088,176,NO
508,165.15532,221,NO
509,34.872013,35,NO
510,111.02146,111,NO
511,18.47918,11,YES
512,170.08224,237,NO
513,141.79205,151,NO
514,15.51722,18,YES
515,168.50038,267,NO
516,152.03366,161,NO
517,168.21158,113,NO
518,34.271366,34,NO
519,122.08695,151,NO
520,55.3245,59,NO
521,72.99981,76,NO
522,120.28531,115,NO
523,96.97457,95,NO
524,71.079124,69,NO
525,164.67685,243,NO
526,4.699647,5,YES
527,80.44797,73,NO
528,78.863304,66,NO
529,161.70085,175,NO
530,79.06614,129,NO
531,49.596783,53,NO
532,170.12358,211,NO
533,12.438868,20,YES
534,136.25359,153,NO
535,151.24716,106,NO
536,167.00491,134,NO
537,79.186226,77,NO
538,70.18486,69,NO
539,158.32365,172,NO
540,86.56431,95,NO
541,74.13537,62,NO
542,6.7131395,10,YES
543,7.85103,8,YES
544,40.692616,30,NO
545,23.12803,19,NO
546,122.897865,122,NO
547,154.8095,115,NO
548,88.937386,86,NO
549,139.73254,138,NO
550,170.13016,230,NO
551,125.22249,164,NO
552,144.62836,134,NO
553,124.02048,87,NO
554,164.56544,282,NO
555,163.32034,209,NO
556,170.12158,162,NO
557,16.609333,12,YES
558,134.0285,149,NO
559,152.25465,149,NO
560,85.98835,73,NO
561,5.189454,10,YES
562,97.5899,81,NO
563,17.073982,13,YES
564,49.918583,48,NO
565,121.84917,85,NO
566,145.81262,152,NO
567,18.068668,8,YES
568,89.11225,89,NO
569,83.63346,76,NO
570,69.41758,57,NO
571,78.14817,91,NO
572,168.74194,214,NO
573,88.48777,73,NO
574,2.9665093,0,YES
575,128.8214,122,NO
576,81.9224,74,NO
577,32.051888,27,NO
578,169.0745,157,NO
579,141.08865,149,NO
580,140.09802,200,NO
581,49.610752,56,NO
582,57.73428,64,NO
583,166.53851,160,NO
584,33.554874,34,NO
585,15.651009,17,YES
586,83.95197,104,NO
587,93.03652,83,NO
588,9.21175,6,YES
589,110.72491,128,NO
590,7.3853393,6,YES
591,41.697857,42,NO
592,92.045586,84,NO
593,112.905846,104,NO
594,63.83354,70,NO
595,96.96047,99,NO
596,114.196266,72,NO
597,152.09525,193,NO
598,149.96664,128,NO
599,57.211914,55,NO
600,29.605885,31,NO
601,50.67213,51,NO
602,27.494385,29,NO
603,101.39148,86,NO
604,90.220345,77,NO
605,48.506832,64,NO
606,90.32056,121,NO
607,43.841938,46,NO
608,25.639244,27,NO
609,14.731005,14,YES
610,15.473827,16,YES
611,57.77798,53,NO
612,69.23153,55,NO
613,117.522224,92,NO
614,86.92876,92,NO
615,92.789444,82,NO
616,99.0881,78,NO
617,163.63733,184,NO
618,9.976227,9,YES
619,158.66125,257,NO
620,25.035181,20,NO
621,2.4984844,3,YES
622,147.22035,102,NO
623,56.319805,52,NO
624,99.169914,132,NO
625,94.30466,85,NO
626,108.08294,95,NO
627,99.859856,80,NO
628,159.32721,108,NO
629,58.04806,54,NO
630,140.89209,173,NO
631,147.13548,100,NO
632,69.05131,90,NO
633,54.713142,74,NO
634,29.216713,35,NO
635,151.94124,110,NO
636,42.329445,44,NO
637,164.92603,220,NO
638,157.98242,102,NO
639,66.70808,68,NO
640,67.26451,58,NO
641,1.8657024,0,YES
642,32.35354,31,NO
643,8.987576,6,YES
644,124.86766,112,NO
645,80.501656,77,NO
646,38.91809,31,NO
647,6.184079,10,YES
648,122.74148,109,NO
649,44.80087,42,NO
650,169.84692,183,NO
651,87.126595,82,NO
652,164.24615,210,NO
653,89.05854,129,NO
654,170.11203,111,NO
655,170.07895,148,NO
656,42.567215,47,NO
657,40.23649,58,NO
658,32.859215,23,NO
659,38.107292,43,NO
660,74.340004,61,NO
661,12.898415,16,YES
662,110.88448,109,NO
663,14.094471,13,YES
664,140.21078,96,NO
665,96.705025,58,NO
666,170.08751,202,NO
667,25.92257,32,NO
668,87.493004,107,NO
669,36.513237,34,NO
670,91.649666,84,NO
671,153.32211,202,NO
672,148.7846,132,NO
673,20.663158,19,NO
674,169.9755,251,NO
675,22.243444,22,NO
676,117.70457,98,NO
677,135.01566,142,NO
678,169.838,152,NO
679,3.1977103,0,YES
680,136.38495,99,NO
681,93.544365,74,NO
682,125.37148,135,NO
683,17.484312,18,YES
684,124.08868,141,NO
685,25.199936,27,NO
686,51.789543,57,NO
687,80.43548,75,NO
688,21.560291,31,NO
689,166.77686,240,NO
690,126.307625,103,NO
691,170.09776,182,NO
692,15.716345,22,YES
693,80.52372,72,NO
694,170.11281,203,NO
695,41.23852,52,NO
696,116.90678,161,NO
697,76.32514,101,NO
698,57.010906,75,NO
699,141.83594,191,NO
700,170.02165,203,NO
701,170.13249,159,NO
702,66.24084,72,NO
703,9.718733,8,YES
704,0.55791247,0,YES
705,144.3451,127,NO
706,151.59517,224,NO
707,140.95915,155,NO
708,98.784904,105,NO
709,120.30757,135,NO
710,79.69948,76,NO
711,103.76705,97,NO
712,124.971535,143,NO
713,54.82689,49,NO
714,170.01797,234,NO
715,40.517113,34,NO
716,104.53599,114,NO
717,36.23821,29,NO
718,41.77986,37,NO
719,39.59575,30,NO
720,138.11476,155,NO
721,170.12463,242,NO
722,47.230106,43,NO
723,58.223232,44,NO
724,24.117561,24,NO
725,28.01342,34,NO
726,34.114964,33,NO
727,59.52353,43,NO
728,150.4536,221,NO
729,170.0759,183,NO
730,170.03957,129,NO
731,71.366104,64,NO
732,74.2878,103,NO
733,107.03559,84,NO
734,139.96217,155,NO
735,130.28183,146,NO
736,62.29861,38,NO
737,168.77171,294,NO
738,170.12784,151,NO
739,52.59728,43,NO
740,99.987495,125,NO
741,16.106045,15,YES
742,132.37694,121,NO
743,168.8111,241,NO
744,72.98095,62,NO
745,51.120903,57,NO
746,10.791969,13,YES
747,112.77586,146,NO
748,48.281155,61,NO
749,40.305576,39,NO
750,19.697086,24,YES
751,160.00807,105,NO
752,48.117695,39,NO
753,78.14027,94,NO
754,103.30988,102,NO
755,9.863743,9,YES
756,35.714706,36,NO
757,126.175354,114,NO
758,16.530153,18,YES
759,15.491648,12,YES
760,170.1141,158,NO
761,169.96481,135,NO
762,160.84619,95,NO
763,20.6038,22,NO
764,170.11316,116,NO
765,105.66319,118,NO
766,137.16476,139,NO
767,83.212,71,NO
768,31.88433,20,NO
769,163.38873,157,NO
770,47.64842,49,NO
771,56.3493,62,NO
772,76.35023,84,NO
773,40.200024,34,NO
774,152.00813,149,NO
775,4.2898216,3,YES
776,119.62519,115,NO
777,42.480366,49,NO
778,88.00358,110,NO
779,85.51296,103,NO
780,158.79706,143,NO
781,79.98165,67,NO
782,66.79837,60,NO
783,150.98279,157,NO
784,69.62418,80,NO
785,159.669,118,NO
786,136.74919,149,NO
787,34.63776,21,NO
788,33.125607,39,NO
789,10.929087,19,YES
790,11.851385,7,YES
791,137.471,121,NO
792,170.08517,102,NO
793,7.7049384,9,YES
794,168.61652,107,NO
795,142.81851,115,NO
796,44.09766,41,NO
797,48.479576,39,NO
798,45.206535,56,NO
799,106.03664,91,NO
800,55.30434,51,NO
801,110.0906,125,NO
802,126.0359,98,NO
803,79.2477,93,NO
804,151.91887,113,NO
805,77.080925,78,NO
806,92.53443,103,NO
807,51.236576,41,NO
808,164.77434,162,NO
809,156.142,175,NO
810,8.022457,7,YES
811,170.12906,235,NO
812,54.57495,57,NO
813,1.388515,2,YES
814,25.918705,27,NO
815,147.02072,201,NO
816,153.53995,132,NO
817,69.12263,90,NO
818,42.764347,50,NO
819,75.6351,83,NO
820,32.06988,37,NO
821,31.44477,36,NO
822,89.66648,94,NO
823,170.04102,186,NO
824,49.559887,40,NO
825,125.61378,90,NO
826,169.96312,190,NO
827,132.01578,101,NO
828,170.1013,153,NO
829,103.81157,147,NO
830,99.01106,80,NO
831,66.51554,91,NO
832,170.13202,239,NO
833,66.862404,51,NO
834,32.83429,32,NO
835,134.11209,152,NO
836,85.12905,122,NO
837,81.600685,75,NO
838,23.418995,24,NO
839,93.40319,112,NO
840,122.0093,126,NO
841,80.0872,89,NO
842,7.3615136,5,YES
843,28.932556,31,NO
844,91.87643,98,NO
845,49.71581,63,NO
846,168.51982,205,NO
847,166.30194,180,NO
848,16.838238,21,YES
849,85.54585,90,NO
850,119.69268,160,NO
851,169.91238,193,NO
852,83.12708,97,NO
853,144.6524,112,NO
854,146.90778,136,NO
855,43.6822,43,NO
856,37.718285,38,NO
857,12.375807,23,YES
858,79.13652,84,NO
859,170.01617,120,NO
860,95.23171,87,NO
861,170.04825,136,NO
862,44.036747,52,NO
863,12.836515,11,YES
864,77.30642,63,NO
865,168.986,266,NO
866,170.12479,171,NO
867,61.17459,65,NO
868,98.93841,54,NO
869,161.75467,298,NO
870,26.718222,25,NO
871,30.501947,31,NO
872,29.802494,40,NO
873,26.422787,34,NO
874,106.324585,101,NO
875,70.75294,65,NO
876,168.26834,238,NO
877,107.95162,105,NO
878,169.81175,212,NO
879,43.747677,49,NO
880,19.844128,33,YES
881,64.249374,49,NO
882,84.21064,54,NO
883,169.95355,237,NO
884,34.909336,36,NO
885,18.603865,18,YES
886,45.06481,48,NO
887,34.410492,43,NO
888,146.5969,115,NO
889,146.13574,159,NO
890,57.779385,48,NO
891,163.92894,176,NO
892,58.29271,55,NO
893,14.610289,13,YES
894,170.1242,124,NO
895,45.932636,50,NO
896,54.18613,56,NO
897,159.65729,166,NO
898,40.61928,30,NO
899,141.45816,139,NO
900,100.97097,85,NO
901,12.046566,5,YES
902,26.835587,22,NO
903,170.11255,130,NO
904,120.89785,79,NO
905,21.112354,25,NO
906,64.30633,91,NO
907,72.21372,62,NO
908,134.71213,136,NO
909,67.783714,95,NO
910,169.32607,238,NO
911,57.1614,58,NO
912,125.3894,134,NO
913,170.12274,192,NO
914,169.52104,153,NO
915,124.1366,137,NO
916,170.0514,140,NO
917,169.84505,100,NO
918,55.858757,53,NO
919,88.70059,86,NO
920,56.705883,50,NO
921,80.24274,86,NO
922,164.64688,171,NO
923,170.13237,173,NO
924,170.12747,249,NO
925,85.93745,109,NO
926,43.346104,50,NO
927,14.819084,13,YES
928,111.562675,93,NO
929,168.53174,249,NO
930,169.8692,162,NO
931,27.45235,22,NO
932,31.40662,27,NO
933,169.60393,146,NO
934,72.35905,76,NO
935,168.61597,312,NO
936,168.75867,148,NO
937,112.35665,153,NO
938,69.76403,79,NO
939,153.67642,115,NO
940,137.1128,152,NO
941,15.451584,9,YES
942,151.39116,200,NO
943,93.51258,83,NO
944,68.93048,67,NO
945,170.1276,181,NO
946,157.5035,206,NO
947,123.395905,99,NO
948,23.917482,29,NO
949,27.699715,22,NO
950,14.961193,15,YES
951,97.78882,91,NO
952,49.136646,59,NO
953,94.67327,103,NO
954,149.04353,112,NO
955,77.26715,76,NO
956,78.04693,101,NO
957,168.78212,288,NO
958,107.294945,141,NO
959,47.816,54,NO
960,170.10307,249,NO
961,55.56783,70,NO
962,170.13043,170,NO
963,51.190655,44,NO
964,60.36466,47,NO
965,163.83028,155,NO
966,130.36812,143,NO
967,105.48694,153,NO
968,166.35869,196,NO
969,54.06322,49,NO
970,158.98164,109,NO
971,18.710989,21,YES
972,47.233395,43,NO
973,20.632675,22,NO
974,169.87466,300,NO
975,9.444548,18,YES
976,102.18997,116,NO
977,88.356155,73,NO
978,70.30666,61,NO
979,61.032974,58,NO
980,10.527597,11,YES
981,129.62415,166,NO
982,122.06982,175,NO
983,131.51541,147,NO
984,30.057615,34,NO
985,56.110226,68,NO
986,169.65121,159,NO
987,146.45717,148,NO
988,93.30025,98,NO
989,168.74887,151,NO
990,168.88165,188,NO
991,29.730577,31,NO
992,8.344999,15,YES
993,155.60977,251,NO
994,85.8726,88,NO
995,151.05713,147,NO
996,168.10796,155,NO
997,10.06958,12,YES
998,140.75153,212,NO
999,78.22584,82,NO
1000,164.27638,151,NO
1001,111.85342,136,NO
1002,152.71678,99,NO
1003,86.55589,91,NO
1004,95.96147,125,NO
1005,127.07707,103,NO
1006,96.028496,85,NO
1007,26.95911,29,NO
1008,13.35972,11,YES
1009,101.6947,79,NO
1010,116.52656,134,NO
1011,13.232218,12,YES
1012,44.892868,31,NO
1013,43.11819,42,NO
1014,122.33462,149,NO
1015,38.280678,47,NO
1016,110.53658,161,NO
1017,19.656727,16,YES
1018,96.8052,128,NO
1019,26.138607,26,NO
1020,82.05474,78,NO
1021,167.5581,167,NO
1022,106.93196,91,NO
1023,8.1111355,7,YES
1024,14.061415,17,YES
1025,97.573204,89,NO
1026,123.87776,119,NO
1027,27.232807,23,NO
1028,16.486486,16,YES
1029,170.12552,157,NO
1030,13.404404,13,YES
1031,156.3347,137,NO
1032,6.2114024,3,YES
1033,103.623116,94,NO
1034,78.11576,74,NO
1035,13.639454,7,YES
1036,170.12967,138,NO
1037,28.794876,21,NO
1038,66.98087,59,NO
1039,129.39818,162,NO
1040,145.62585,98,NO
1041,58.92528,66,NO
1042,122.1128,102,NO
1043,54.804222,91,NO
1044,22.268581,21,NO
1045,170.05075,194,NO
1046,84.153145,87,NO
1047,159.11449,204,NO
1048,94.88311,125,NO
1049,101.74049,110,NO
1050,34.972572,30,NO
1051,65.90855,64,NO
1052,170.10756,242,NO
1053,156.65395,184,NO
1054,79.50497,68,NO
1055,37.7855,41,NO
1056,169.92316,234,NO
1057,167.39081,302,NO
1058,21.100025,15,NO
1059,14.294052,8,YES
1060,142.83603,108,NO
1061,10.4953575,20,YES
1062,131.31772,163,NO
1063,169.19934,148,NO
1064,100.80204,104,NO
1065,6.3749394,7,YES
1066,29.513283,33,NO
1067,34.91338,33,NO
1068,132.65436,102,NO
1069,144.62332,176,NO
1070,28.114414,29,NO
1071,152.53375,154,NO
1072,114.93733,109,NO
1073,122.65412,88,NO
1074,34.220135,38,NO
1075,82.42173,79,NO
1076,166.91261,197,NO
1077,165.45386,132,NO
1078,168.47888,225,NO
1079,104.744,124,NO
1080,168.11469,219,NO
1081,161.10413,230,NO
1082,162.83653,215,NO
1083,3.9949167,7,YES
1084,28.877829,33,NO
1085,6.1436086,7,YES
1086,165.79552,93,NO
1087,51.183044,41,NO
1088,170.10756,205,NO
1089,128.11153,119,NO
1090,149.5789,114,NO
1091,12.349506,18,YES
1092,74.31608,69,NO
1093,154.8602,193,NO
1094,68.64085,63,NO
1095,42.92563,33,NO
1096,147.10635,167,NO
1097,141.38812,107,NO
1098,123.49306,123,NO
1099,70.697044,56,NO
1100,90.01311,84,NO
1101,143.93286,135,NO
1102,84.5846,80,NO
1103,158.61807,131,NO
1104,170.08765,182,NO
1105,97.163124,79,NO
1106,170.10802,155,NO
1107,77.93755,66,NO
1108,72.05874,90,NO
1109,6.855985,2,YES
1110,16.742773,22,YES
1111,65.3449,84,NO
1112,123.65417,85,NO
1113,160.50906,168,NO
1114,47.152847,63,NO
1115,95.52536,111,NO
1116,108.76092,75,NO
1117,80.62949,69,NO
1118,102.10551,105,NO
1119,16.046352,12,YES
1120,169.98553,177,NO
1121,89.93837,94,NO
1122,110.62139,113,NO
1123,52.729847,55,NO
1124,72.32846,68,NO
1125,35.988857,35,NO
1126,169.98581,192,NO
1127,42.265038,37,NO
1128,34.55057,28,NO
1129,14.743845,16,YES
1130,38.66378,35,NO
1131,73.95963,89,NO
1132,23.323757,22,NO
1133,168.94412,117,NO
1134,59.385784,61,NO
1135,30.40009,35,NO
1136,98.192184,145,NO
1137,141.74863,148,NO
1138,117.12278,84,NO
1139,162.01031,147,NO
1140,61.327427,63,NO
1141,5.0305777,5,YES
1142,143.78694,120,NO
1143,170.13266,163,NO
1144,91.3049,105,NO
1145,84.94241,78,NO
1146,170.1336,164,NO
1147,15.207071,17,YES
1148,115.798805,72,NO
1149,148.97873,158,NO
1150,63.14152,68,NO
1151,130.89655,102,NO
1152,170.11786,224,NO
1153,141.50378,174,NO
1154,124.91834,78,NO
1155,133.0174,86,NO
1156,78.9302,85,NO
1157,164.1153,157,NO
1158,170.10683,175,NO
1159,41.938927,40,NO
1160,7.995088,12,YES
1161,151.84381,160,NO
1162,129.1912,115,NO
1163,139.94283,123,NO
1164,145.29352,144,NO
1165,129.38988,121,NO
1166,65.532814,79,NO
1167,148.04224,162,NO
1168,95.4457,93,NO
1169,148.95274,153,NO
1170,32.316322,26,NO
1171,168.71056,199,NO
1172,121.606544,92,NO
1173,33.457867,38,NO
1174,21.353672,22,NO
1175,83.20657,66,NO
1176,27.634506,30,NO
1177,46.42072,63,NO
1178,53.988525,61,NO
1179,135.52618,158,NO
1180,120.76272,82,NO
1181,111.804695,122,NO
1182,85.51458,89,NO
1183,19.74514,20,YES
1184,170.1216,166,NO
1185,66.05577,62,NO
1186,169.89957,199,NO
1187,170.08661,323,NO
1188,8.057941,5,YES
1189,1.2280302,2,YES
1190,39.252308,46,NO
1191,4.04417,3,YES
1192,43.989243,57,NO
1193,167.32428,215,NO
1194,140.29507,116,NO
1195,153.85071,113,NO
1196,66.948494,52,NO
1197,142.07544,139,NO
1198,108.02616,98,NO
1199,169.6465,142,NO
1200,36.538948,26,NO
1201,148.58353,194,NO
1202,36.178444,43,NO
1203,155.12105,176,NO
1204,106.67147,131,NO
1205,85.02227,108,NO
1206,160.67383,135,NO
1207,144.65675,144,NO
1208,167.2708,245,NO
1209,155.66452,159,NO
1210,169.49254,196,NO
1211,51.253098,32,NO
1212,150.48256,177,NO
1213,85.62317,75,NO
1214,98.48317,64,NO
1215,34.622272,42,NO
1216,128.64522,124,NO
1217,168.20035,148,NO
1218,92.51389,106,NO
1219,16.774618,19,YES
1220,158.84543,256,NO
1221,19.809885,19,YES
1222,21.989614,20,NO
1223,165.66899,149,NO
1224,92.86587,79,NO
1225,132.36392,160,NO
1226,76.22405,90,NO
1227,36.743015,40,NO
1228,64.94291,74,NO
1229,118.38387,109,NO
1230,169.61372,117,NO
1231,130.3496,101,NO
1232,28.986221,38,NO
1233,14.893192,7,YES
1234,96.29507,131,NO
1235,60.262646,53,NO
1236,23.944155,23,NO
1237,158.92632,103,NO
1238,43.67058,39,NO
1239,155.24734,154,NO
1240,27.749306,29,NO
1241,16.345734,17,YES
1242,26.664917,34,NO
1243,82.58737,66,NO
1244,90.06193,99,NO
1245,78.01005,76,NO
1246,150.61423,125,NO
1247,158.52023,145,NO
1248,99.38143,87,NO
1249,8.911085,9,YES
1250,139.03795,90,NO
1251,116.38486,145,NO
1252,4.3771877,1,YES
1253,169.1683,102,NO
1254,72.28287,76,NO
1255,161.74695,241,NO
1256,115.48093,160,NO
1257,143.61569,141,NO
1258,25.563953,33,NO
1259,59.982662,50,NO
1260,115.20287,75,NO
1261,47.468258,48,NO
1262,91.02126,109,NO
1263,19.470612,17,YES
1264,84.05747,72,NO
1265,20.563854,17,NO
1266,56.994686,47,NO
1267,120.92673,98,NO
1268,13.4298115,9,YES
1269,105.38372,147,NO
1270,7.3328366,4,YES
1271,50.21032,41,NO
1272,81.7267,87,NO
1273,17.008623,26,YES
1274,68.75675,61,NO
1275,70.39874,61,NO
1276,162.8832,121,NO
1277,46.61266,34,NO
1278,170.06952,161,NO
1279,158.14616,154,NO
1280,94.89208,112,NO
1281,103.37704,95,NO
1282,39.742165,31,NO
1283,22.562904,14,NO
1284,156.93747,97,NO
1285,42.23467,49,NO
1286,19.546694,29,YES
1287,60.698452,71,NO
1288,161.82762,197,NO
1289,170.06969,125,NO
1290,41.7817,42,NO
1291,30.673647,33,NO
1292,59.19025,57,NO
1293,145.64809,110,NO
1294,147.1289,81,NO
1295,23.397537,15,NO
1296,164.262,125,NO
1297,166.38077,157,NO
1298,-0.29237652,0,YES
1299,18.216625,17,YES
1300,83.09377,70,NO
1301,45.59579,44,NO
1302,40.992744,36,NO
1303,164.54453,163,NO
1304,150.00699,202,NO
1305,5.397936,8,YES
1306,168.36414,122,NO
1307,155.16519,180,NO
1308,91.60389,79,NO
1309,133.9245,199,NO
1310,24.76329,24,NO
1311,170.10837,139,NO
1312,58.03387,62,NO
1313,22.055986,32,NO
1314,86.315315,124,NO
1315,38.49007,30,NO
1316,112.90892,143,NO
1317,12.315968,11,YES
1318,68.97096,87,NO
1319,18.582327,20,YES
1320,93.74613,102,NO
1321,159.44702,96,NO
1322,8.133519,4,YES
1323,140.75276,148,NO
1324,170.13284,165,NO
1325,26.333479,15,NO
1326,55.37976,58,NO
1327,47.39651,54,NO
1328,155.78943,219,NO
1329,16.515257,9,YES
1330,170.11504,151,NO
1331,51.52406,107,NO
1332,126.157684,134,NO
1333,37.302822,43,NO
1334,43.493282,63,NO
1335,161.57368,142,NO
1336,11.343107,13,YES
1337,91.44841,77,NO
1338,72.7441,84,NO
1339,24.685104,31,NO
1340,22.539948,32,NO
1341,117.51559,143,NO
1342,21.006182,15,NO
1343,124.1382,135,NO
1344,21.871084,15,NO
1345,48.14104,39,NO
1346,128.36124,157,NO
1347,21.208637,24,NO
1348,132.66576,135,NO
1349,155.41457,248,NO
1350,149.43893,174,NO
1351,168.05414,175,NO
1352,90.96236,79,NO
1353,12.45208,21,YES
1354,85.39879,90,NO
1355,17.556208,12,YES
1356,166.3501,179,NO
1357,156.83943,221,NO
1358,53.67783,50,NO
1359,169.935,141,NO
1360,26.604685,34,NO
1361,72.45241,72,NO
1362,131.91447,112,NO
1363,76.84628,94,NO
1364,91.886314,89,NO
1365,74.38479,80,NO
1366,125.54076,137,NO
1367,5.440672,0,YES
1368,91.15772,88,NO
1369,166.51123,110,NO
1370,6.4497333,9,YES
1371,88.46917,66,NO
1372,148.24063,157,NO
1373,170.12358,198,NO
1374,170.11664,245,NO
1375,26.594036,28,NO
1376,153.52353,198,NO
1377,169.1272,202,NO
1378,39.848232,38,NO
1379,76.556725,96,NO
1380,8.393908,5,YES
1381,149.17815,133,NO
1382,131.52502,165,NO
1383,131.06573,79,NO
1384,57.333935,49,NO
1385,20.819279,28,NO
1386,22.011663,16,NO
1387,17.158548,15,YES
1388,115.8647,91,NO
1389,114.95315,82,NO
1390,46.804554,48,NO
1391,124.05044,125,NO
1392,101.66021,124,NO
1393,8.434166,12,YES
1394,66.55385,72,NO
1395,170.12457,148,NO
1396,55.65566,53,NO
1397,168.42012,238,NO
1398,29.588245,40,NO
1399,166.98434,149,NO
1400,138.64595,153,NO
1401,119.22312,90,NO
1402,48.16437,39,NO
1403,163.33165,159,NO
1404,129.40251,110,NO
1405,16.381577,11,YES
1406,94.35792,94,NO
1407,114.78796,127,NO
1408,86.47479,78,NO
1409,11.071936,10,YES
1410,128.76859,191,NO
1411,32.25609,27,NO
1412,20.503828,34,NO
1413,34.110657,33,NO
1414,82.087654,118,NO
1415,168.95615,171,NO
1416,68.338264,63,NO
1417,152.42188,106,NO
1418,24.62997,28,NO
1419,169.67088,106,NO
1420,112.41593,86,NO
1421,95.35395,87,NO
1422,143.14912,122,NO
1423,79.5052,83,NO
1424,46.806126,32,NO
1425,139.2435,118,NO
1426,79.24636,83,NO
1427,46.259964,54,NO
1428,3.6386976,1,YES
1429,169.73682,181,NO
1430,50.14787,51,NO
1431,47.72744,44,NO
1432,27.130386,40,NO
1433,18.821936,17,YES
1434,75.84341,75,NO
1435,127.289604,110,NO
1436,27.681528,23,NO
1437,38.28358,41,NO
1438,80.51097,81,NO
1439,98.09402,134,NO
1440,92.957756,71,NO
1441,168.43015,86,NO
1442,162.9055,160,NO
1443,39.22282,47,NO
1444,30.577782,40,NO
1445,168.7565,217,NO
1446,28.068804,37,NO
1447,53.309414,67,NO
1448,91.15539,87,NO
1449,78.905,52,NO
1450,23.781857,16,NO
1451,65.60491,73,NO
1452,105.82398,99,NO
1453,19.225754,15,YES
1454,86.008705,103,NO
1455,161.82166,279,NO
1456,32.01186,32,NO
1457,103.34776,91,NO
1458,27.010965,32,NO
1459,89.09128,106,NO
1460,43.38839,49,NO
1461,108.0485,90,NO
1462,1.219414,2,YES
1463,2.76565,0,YES
1464,92.14783,76,NO
1465,32.73036,37,NO
1466,99.596016,88,NO
1467,14.692808,24,YES
1468,31.175964,35,NO
1469,170.10898,140,NO
1470,142.97859,150,NO
1471,9.737763,16,YES
1472,11.843529,15,YES
1473,107.586075,129,NO
1474,53.809715,52,NO
1475,71.532166,92,NO
1476,123.73167,77,NO
1477,52.41257,55,NO
1478,113.0131,115,NO
1479,47.848347,49,NO
1480,56.586483,48,NO
1481,30.668156,23,NO
1482,111.26909,115,NO
1483,82.42711,87,NO
1484,61.954655,67,NO
1485,146.45576,198,NO
1486,31.445518,40,NO
1487,50.407112,60,NO
1488,46.819675,48,NO
1489,168.48038,206,NO
1490,118.48589,154,NO
1491,94.581276,83,NO
1492,154.95859,127,NO
1493,56.94605,52,NO
1494,19.44733,14,YES
1495,102.677635,101,NO
1496,93.46643,90,NO
1497,74.461334,86,NO
1498,170.12202,135,NO
1499,0.85691667,2,YES
1500,83.11007,68,NO
1501,38.83491,38,NO
1502,94.10349,85,NO
1503,68.5893,60,NO
1504,90.2499,77,NO
1505,-0.083464384,1,YES
1506,141.32866,102,NO
1507,3.8811958,10,YES
1508,106.92091,95,NO
1509,1.8293278,1,YES
1510,170.07297,158,NO
1511,30.431263,37,NO
1512,37.49114,32,NO
1513,61.647335,83,NO
1514,102.254524,108,NO
1515,146.66469,200,NO
1516,6.0893703,1,YES
1517,142.73323,196,NO
1518,50.34466,51,NO
1519,68.81797,69,NO
1520,13.620689,16,YES
1521,96.936714,101,NO
1522,33.310013,31,NO
1523,136.396,164,NO
1524,167.98236,138,NO
1525,5.5241256,7,YES
1526,87.08151,80,NO
1527,5.3207617,4,YES
1528,157.71011,131,NO
1529,145.32214,111,NO
1530,91.0913,109,NO
1531,25.190176,25,NO
1532,169.8377,224,NO
1533,32.143177,22,NO
1534,21.560581,35,NO
1535,31.676464,28,NO
1536,62.43114,54,NO
1537,33.451912,27,NO
1538,169.73117,159,NO
1539,150.65327,178,NO
1540,44.12731,31,NO
1541,15.389307,14,YES
1542,5.680147,5,YES
1543,85.44431,94,NO
1544,117.53747,159,NO
1545,144.47229,164,NO
1546,154.84924,131,NO
1547,83.69957,94,NO
1548,53.56364,48,NO
1549,45.222527,30,NO
1550,140.52135,130,NO
1551,126.54096,108,NO
1552,33.985416,46,NO
1553,61.064583,69,NO
1554,53.412304,55,NO
1555,80.79868,105,NO
1556,78.45553,67,NO
1557,92.76002,105,NO
1558,159.81744,174,NO
1559,151.3439,130,NO
1560,170.01123,235,NO
1561,170.13004,132,NO
1562,53.694973,54,NO
1563,96.40192,95,NO
1564,73.239006,63,NO
1565,42.656727,38,NO
1566,6.981362,10,YES
1567,63.35803,70,NO
1568,7.4386373,9,YES
1569,150.97993,144,NO
1570,34.921757,32,NO
1571,81.86793,78,NO
1572,44.045,34,NO
1573,36.131012,37,NO
1574,0.61068654,1,YES
1575,13.478073,25,YES
1576,19.057625,26,YES
1577,58.012775,69,NO
1578,166.44258,221,NO
1579,85.10787,84,NO
1580,160.60612,155,NO
1581,170.1236,216,NO
1582,89.05262,104,NO
1583,1.9048882,0,YES
1584,124.548386,136,NO
1585,169.28195,146,NO
1586,44.398556,49,NO
1587,34.345222,41,NO
1588,91.40116,112,NO
1589,135.1751,90,NO
1590,129.50873,120,NO
1591,130.08894,101,NO
1592,103.75683,97,NO
1593,8.301723,6,YES
1594,29.021242,28,NO
1595,169.87027,163,NO
1596,141.27545,103,NO
1597,7.7057776,9,YES
1598,134.24399,115,NO
1599,16.884878,15,YES
1600,103.35239,130,NO
1601,134.36542,95,NO
1602,155.11478,131,NO
1603,141.43857,93,NO
1604,35.13592,33,NO
1605,78.73901,77,NO
1606,91.76819,88,NO
1607,106.91259,131,NO
1608,107.48178,87,NO
1609,130.01302,126,NO
1610,111.2533,85,NO
1611,164.49312,152,NO
1612,164.64438,235,NO
1613,170.08746,104,NO
1614,167.25673,110,NO
1615,142.63995,146,NO
1616,97.48228,84,NO
1617,0.8268312,3,YES
1618,168.50955,166,NO
1619,76.33143,70,NO
1620,27.914145,24,NO
1621,140.20218,145,NO
1622,17.042048,14,YES
1623,170.1059,134,NO
1624,148.25323,150,NO
1625,84.23801,65,NO
1626,16.742205,19,YES
1627,161.22275,219,NO
1628,93.50419,79,NO
1629,81.7416,77,NO
1630,81.00115,76,NO
1631,145.5588,121,NO
1632,39.300274,30,NO
1633,77.17641,95,NO
1634,170.13431,199,NO
1635,61.790524,47,NO
1636,47.35334,59,NO
1637,9.25001,9,YES
1638,23.717873,26,NO
1639,167.58673,231,NO
1640,94.65115,92,NO
1641,92.48601,115,NO
1642,165.12079,145,NO
1643,126.13843,110,NO
1644,124.319405,120,NO
1645,170.09003,157,NO
1646,127.6571,99,NO
1647,169.41129,106,NO
1648,63.6434,76,NO
1649,29.840578,30,NO
1650,39.931973,34,NO
1651,114.246994,94,NO
1652,55.590797,46,NO
1653,84.91448,108,NO
1654,169.71097,140,NO
1655,138.38025,150,NO
1656,28.425339,23,NO
1657,30.118841,26,NO
1658,7.2377105,7,YES
1659,90.44933,109,NO
1660,50.64525,52,NO
1661,59.595257,83,NO
1662,74.81606,78,NO
1663,149.40036,117,NO
1664,39.456818,38,NO
1665,145.57568,102,NO
1666,88.146,66,NO
1667,46.54566,40,NO
1668,155.36821,156,NO
1669,91.04131,85,NO
1670,100.77165,83,NO
1671,166.45078,129,NO
1672,149.92381,136,NO
1673,98.53298,84,NO
1674,166.51826,172,NO
1675,144.6395,125,NO
1676,170.0581,119,NO
1677,110.46536,94,NO
1678,62.43453,48,NO
1679,163.00888,143,NO
1680,46.845703,42,NO
1681,169.44855,103,NO
1682,103.03646,68,NO
1683,87.5102,103,NO
1684,106.52918,114,NO
1685,90.16302,77,NO
1686,41.700077,54,NO
1687,170.03006,257,NO
1688,151.74902,115,NO
1689,69.97838,74,NO
1690,154.57669,137,NO
1691,66.61083,72,NO
1692,35.00501,25,NO
1693,121.679955,190,NO
1694,113.79379,136,NO
1695,55.312183,44,NO
1696,83.21373,91,NO
1697,48.07845,31,NO
1698,118.84255,129,NO
1699,6.2486687,6,YES
1700,45.064373,47,NO
1701,82.36761,64,NO
1702,86.86059,122,NO
1703,107.00472,96,NO
1704,46.603718,52,NO
1705,151.71928,99,NO
1706,1.4574903,2,YES
1707,127.14733,151,NO
1708,17.74711,28,YES
1709,168.0191,252,NO
1710,82.61239,92,NO
1711,36.712112,46,NO
1712,115.391304,137,NO
1713,71.36964,82,NO
1714,83.34322,108,NO
1715,146.80098,119,NO
1716,63.267117,77,NO
1717,113.97651,84,NO
1718,63.762127,53,NO
1719,65.16116,64,NO
1720,63.236675,53,NO
1721,149.19781,165,NO
1722,34.122086,44,NO
1723,168.93652,129,NO
1724,147.96466,123,NO
1725,152.26338,195,NO
1726,10.85648,5,YES
1727,43.136684,40,NO
1728,158.94968,152,NO
1729,121.514626,75,NO
1730,116.837585,162,NO
1731,166.36688,239,NO
1732,80.658424,63,NO
1733,88.180984,77,NO
1734,137.38217,149,NO
1735,97.176155,97,NO
1736,53.742237,57,NO
1737,45.870697,49,NO
1738,15.504028,14,YES
1739,21.12597,32,NO
1740,107.17617,138,NO
1741,47.1978,53,NO
1742,147.93402,163,NO
1743,32.035076,35,NO
1744,150.98557,129,NO
1745,2.590709,2,YES
1746,63.887554,81,NO
1747,11.571823,9,YES
1748,45.640614,51,NO
1749,79.26814,75,NO
1750,2.5604727,1,YES
1751,137.19667,111,NO
1752,120.49734,81,NO
1753,152.13565,112,NO
1754,119.35403,82,NO
1755,30.609758,27,NO
1756,15.391134,26,YES
1757,133.84842,125,NO
1758,164.35222,210,NO
1759,155.29398,123,NO
1760,82.129845,127,NO
1761,37.665504,40,NO
1762,65.82295,69,NO
1763,40.680233,32,NO
1764,126.605286,105,NO
1765,78.63906,66,NO
1766,162.36273,131,NO
1767,39.98083,43,NO
1768,16.073185,13,YES
1769,49.24561,67,NO
1770,168.6765,134,NO
1771,48.57411,67,NO
1772,59.092487,36,NO
1773,79.46208,57,NO
1774,100.13035,102,NO
1775,76.2371,83,NO
1776,2.8870335,1,YES
1777,169.40161,193,NO
1778,94.276726,101,NO
1779,66.81233,55,NO
1780,170.12857,175,NO
1781,77.8901,81,NO
1782,166.45306,170,NO
1783,51.655247,66,NO
1784,167.69131,215,NO
1785,21.64976,23,NO
1786,131.0916,163,NO
1787,49.839138,52,NO
1788,8.166536,8,YES
1789,70.212555,81,NO
1790,25.376923,32,NO
1791,8.686867,11,YES
1792,46.861843,61,NO
1793,151.10907,110,NO
1794,82.029396,75,NO
1795,121.31807,157,NO
1796,21.323269,13,NO
1797,55.509212,47,NO
1798,69.07014,49,NO
1799,170.1225,201,NO
1800,59.908066,68,NO
1801,129.62721,135,NO
1802,66.20204,56,NO
1803,83.56165,107,NO
1804,114.74371,119,NO
1805,170.01535,162,NO
1806,143.53085,151,NO
1807,84.96613,94,NO
1808,94.71232,117,NO
1809,169.99478,156,NO
1810,5.876931,3,YES
1811,152.74567,166,NO
1812,84.80049,100,NO
1813,167.92685,162,NO
1814,77.002075,67,NO
1815,127.85,105,NO
1816,21.471828,24,NO
1817,98.889114,68,NO
1818,23.402847,28,NO
1819,29.130924,27,NO
1820,86.25526,88,NO
1821,169.35904,159,NO
1822,170.03818,198,NO
1823,164.78954,237,NO
1824,90.07908,61,NO
1825,7.7836504,8,YES
1826,94.64071,101,NO
1827,24.865784,16,NO
1828,169.86092,215,NO
1829,43.940296,50,NO
1830,169.08017,223,NO
1831,97.665764,87,NO
1832,131.42384,146,NO
1833,125.38644,115,NO
1834,142.38776,168,NO
1835,90.8532,97,NO
1836,8.288565,14,YES
1837,72.279976,58,NO
1838,146.09892,165,NO
1839,147.81644,104,NO
1840,116.97021,187,NO
1841,5.025537,5,YES
1842,170.11194,131,NO
1843,119.73765,93,NO
1844,46.948673,46,NO
1845,4.084366,2,YES
1846,14.175531,12,YES
1847,34.825268,27,NO
1848,170.13019,219,NO
1849,18.59127,18,YES
1850,18.03918,17,YES
1851,4.066719,5,YES
1852,167.93904,166,NO
1853,42.7064,34,NO
1854,75.93432,97,NO
1855,50.294918,43,NO
1856,23.818321,14,NO
1857,143.27069,101,NO
1858,27.56472,29,NO
1859,79.0033,87,NO
1860,116.53407,106,NO
1861,-0.78315854,1,YES
1862,46.572697,60,NO
1863,160.7458,163,NO
1864,170.09479,154,NO
1865,170.11586,159,NO
1866,132.99005,131,NO
1867,131.98563,106,NO
1868,80.93265,53,NO
1869,170.05354,178,NO
1870,145.67113,218,NO
1871,116.71992,153,NO
1872,91.03733,88,NO
1873,14.818304,11,YES
1874,111.95913,97,NO
1875,129.3716,77,NO
1876,145.25975,100,NO
1877,71.167755,73,NO
1878,67.95122,74,NO
1879,123.979576,125,NO
1880,137.45496,101,NO
1881,27.698257,31,NO
1882,86.259964,68,NO
1883,77.884544,86,NO
1884,116.975914,132,NO
1885,99.16244,112,NO
1886,167.4062,90,NO
1887,137.5958,106,NO
1888,8.344032,17,YES
1889,163.41414,152,NO
1890,111.07756,152,NO
1891,10.902704,13,YES
1892,129.55916,112,NO
1893,8.325312,9,YES
1894,124.98968,81,NO
1895,170.02441,186,NO
1896,153.26309,208,NO
1897,113.55591,146,NO
1898,37.129326,29,NO
1899,160.12509,148,NO
1900,105.47202,96,NO
1901,139.08655,167,NO
1902,25.796806,22,NO
1903,169.26865,195,NO
1904,14.609499,17,YES
1905,162.76855,226,NO
1906,52.888454,51,NO
1907,123.75416,114,NO
1908,7.59497,6,YES
1909,153.63809,162,NO
1910,163.35858,116,NO
1911,40.69435,36,NO
1912,142.08224,150,NO
1913,70.59934,120,NO
1914,104.08282,104,NO
1915,140.61984,135,NO
1916,85.442215,77,NO
1917,160.23306,253,NO
1918,165.41643,157,NO
1919,138.4265,114,NO
1920,39.37582,44,NO
1921,170.13095,192,NO
1922,101.3785,120,NO
1923,76.729164,87,NO
1924,30.123695,20,NO
1925,31.568384,35,NO
1926,62.586452,56,NO
1927,36.612976,34,NO
1928,104.64144,128,NO
1929,52.380516,47,NO
1930,133.13678,132,NO
1931,128.84009,113,NO
1932,14.017815,13,YES
1933,26.509163,39,NO
1934,3.2691069,4,YES
1935,62.913265,62,NO
1936,151.14616,160,NO
1937,108.28344,128,NO
1938,70.942505,68,NO
1939,170.12933,171,NO
1940,14.786278,23,YES
1941,105.583305,90,NO
1942,45.023266,61,NO
1943,47.468243,44,NO
1944,141.40495,90,NO
1945,170.11708,178,NO
1946,101.08749,86,NO
1947,54.701828,51,NO
1948,82.444305,92,NO
1949,80.10814,85,NO
1950,85.55845,60,NO
1951,21.099215,19,NO
1952,143.59998,152,NO
1953,165.88948,128,NO
1954,7.7636313,7,YES
1955,81.82058,70,NO
1956,46.69391,43,NO
1957,86.11626,103,NO
1958,88.09934,95,NO
1959,166.10385,94,NO
1960,166.3544,101,NO
1961,169.72617,170,NO
1962,170.06085,175,NO
1963,100.567924,119,NO
1964,169.29779,93,NO
1965,41.131084,43,NO
1966,162.09378,172,NO
1967,65.24805,75,NO
1968,65.87201,47,NO
1969,2.3898032,5,YES
1970,152.66011,162,NO
1971,16.866072,25,YES
1972,69.25012,73,NO
1973,20.246452,12,NO
1974,67.29564,57,NO
1975,152.10248,123,NO
1976,170.0849,200,NO
1977,168.48322,179,NO
1978,2.780384,1,YES
1979,48.222095,69,NO
1980,144.9373,141,NO
1981,14.224012,22,YES
1982,127.97716,188,NO
1983,164.58023,207,NO
1984,116.96689,158,NO
1985,68.441795,67,NO
1986,82.02069,70,NO
1987,16.648703,16,YES
1988,7.1447535,9,YES
1989,101.46777,101,NO
1990,115.842545,129,NO
1991,9.424765,7,YES
1992,168.76968,136,NO
1993,170.11594,188,NO
1994,13.531948,13,YES
1995,27.849564,39,NO
1996,85.474236,91,NO
1997,55.865223,54,NO
1998,170.12012,225,NO
1999,16.163198,16,YES
2000,147.20175,158,NO
2001,32.69671,30,NO
2002,146.66284,157,NO
2003,7.195618,10,YES
2004,170.0344,151,NO
2005,67.55958,45,NO
2006,105.59329,108,NO
2007,154.74481,97,NO
2008,55.716076,56,NO
2009,84.50579,73,NO
2010,72.15087,75,NO
2011,58.001377,52,NO
2012,141.93048,106,NO
2013,139.66928,137,NO
2014,53.220177,45,NO
2015,39.27447,46,NO
2016,81.63817,61,NO
2017,80.290596,112,NO
2018,41.074314,45,NO
2019,2.844138,2,YES
2020,53.68142,41,NO
2021,31.711983,42,NO
2022,90.24295,116,NO
2023,75.1152,89,NO
2024,79.89714,67,NO
2025,133.04529,122,NO
2026,125.041824,183,NO
2027,166.50076,140,NO
2028,87.03329,95,NO
2029,38.154697,35,NO
2030,60.64249,55,NO
2031,88.78548,88,NO
2032,22.669907,27,NO
2033,60.346962,50,NO
2034,98.17206,99,NO
2035,74.753784,65,NO
2036,169.26776,165,NO
2037,38.20153,39,NO
2038,150.64227,141,NO
2039,118.286606,79,NO
2040,23.937056,22,NO
2041,15.671242,20,YES
2042,140.99019,144,NO
2043,169.47328,238,NO
2044,154.86388,146,NO
2045,11.245661,11,YES
2046,10.438387,10,YES
2047,105.941826,115,NO
2048,91.82969,76,NO
2049,170.09305,180,NO
2050,17.974588,20,YES
2051,12.446194,13,YES
2052,1.7335596,7,YES
2053,140.21796,147,NO
2054,169.87485,194,NO
2055,16.91781,19,YES
2056,101.83217,116,NO
2057,148.80049,180,NO
2058,114.74298,122,NO
2059,91.37652,75,NO
2060,134.99957,136,NO
2061,126.90268,102,NO
2062,2.7614777,1,YES
2063,127.922455,136,NO
2064,144.41924,145,NO
2065,66.97053,59,NO
2066,90.46,102,NO
2067,122.63411,115,NO
2068,37.374187,48,NO
2069,70.646706,56,NO
2070,112.460075,105,NO
2071,16.93209,16,YES
2072,138.1918,108,NO
2073,153.49884,117,NO
2074,21.084835,23,NO
2075,118.65136,81,NO
2076,169.46382,228,NO
2077,23.964256,31,NO
2078,13.809122,6,YES
2079,105.409874,110,NO
2080,71.532616,74,NO
2081,9.359928,7,YES
2082,68.23592,72,NO
2083,81.7614,74,NO
2084,166.11826,129,NO
2085,164.65988,133,NO
2086,45.20342,32,NO
2087,7.971031,5,YES
2088,93.49703,99,NO
2089,30.553345,39,NO
2090,65.670334,73,NO
2091,157.44284,111,NO
2092,120.478584,133,NO
2093,54.566853,57,NO
2094,140.80771,178,NO
2095,113.154755,130,NO
2096,28.755634,30,NO
2097,167.2258,161,NO
2098,119.47104,116,NO
2099,160.90907,148,NO
2100,78.63269,75,NO
2101,76.88795,86,NO
2102,6.987448,8,YES
2103,147.21216,187,NO
2104,47.804398,56,NO
2105,121.8112,108,NO
2106,170.13333,165,NO
2107,143.13025,131,NO
2108,5.417574,3,YES
2109,25.252874,25,NO
2110,79.79451,64,NO
2111,85.26957,67,NO
2112,5.2903194,12,YES
2113,51.884796,62,NO
2114,53.032116,43,NO
2115,129.41624,136,NO
2116,90.661644,115,NO
2117,69.99221,81,NO
2118,144.52055,148,NO
2119,26.70585,28,NO
2120,76.96406,74,NO
2121,98.85505,115,NO
2122,16.015636,13,YES
2123,83.76899,68,NO
2124,23.172539,36,NO
2125,24.601044,25,NO
2126,55.538227,70,NO
2127,83.0268,85,NO
2128,58.912575,67,NO
2129,168.35086,152,NO
2130,48.44311,38,NO
2131,66.08416,105,NO
2132,168.18452,187,NO
2133,165.37338,140,NO
2134,38.44949,40,NO
2135,65.77962,59,NO
2136,44.458862,54,NO
2137,169.98708,177,NO
2138,147.3052,120,NO
2139,133.66653,89,NO
2140,54.81993,43,NO
2141,115.49935,73,NO
2142,169.32153,171,NO
2143,143.54802,140,NO
2144,166.11761,144,NO
2145,117.3751,133,NO
2146,45.123127,50,NO
2147,134.76915,135,NO
2148,165.7106,221,NO
2149,54.372997,52,NO
2150,59.63675,103,NO
2151,155.15405,126,NO
2152,162.59924,183,NO
2153,100.8411,117,NO
2154,121.61146,101,NO
2155,7.571552,5,YES
2156,26.214272,21,NO
2157,78.03051,77,NO
2158,170.11948,253,NO
2159,110.86004,74,NO
2160,165.59679,165,NO
2161,163.27429,116,NO
2162,17.521648,10,YES
2163,47.96126,62,NO
2164,72.36706,57,NO
2165,21.4261,24,NO
2166,109.9412,84,NO
2167,153.03702,116,NO
2168,98.28622,79,NO
2169,104.93306,122,NO
2170,21.668972,26,NO
2171,71.15806,80,NO
2172,103.36702,128,NO
2173,168.19662,130,NO
2174,23.914766,22,NO
2175,170.11595,187,NO
2176,69.22828,95,NO
2177,53.454643,51,NO
2178,27.156836,22,NO
2179,40.336426,48,NO
2180,161.41403,106,NO
2181,20.161987,23,NO
2182,112.78747,87,NO
2183,15.0168915,24,YES
2184,170.0184,260,NO
2185,8.032307,15,YES
2186,163.04883,218,NO
2187,88.45973,97,NO
2188,120.48196,85,NO
2189,61.28201,46,NO
2190,43.45235,48,NO
2191,104.70452,110,NO
2192,104.09746,146,NO
2193,91.07464,112,NO
2194,150.53947,145,NO
2195,97.499825,76,NO
2196,41.146725,40,NO
2197,44.659775,37,NO
2198,61.236084,46,NO
2199,103.851494,91,NO
2200,84.15532,116,NO
2201,102.672356,94,NO
2202,126.545235,119,NO
2203,117.73162,106,NO
2204,8.273409,7,YES
2205,50.409603,63,NO
2206,90.77251,71,NO
2207,168.85822,169,NO
2208,145.20197,116,NO
2209,102.4549,111,NO
2210,20.254883,23,NO
2211,170.11978,142,NO
2212,137.93643,117,NO
2213,18.933598,13,YES
2214,60.190533,57,NO
2215,51.087334,42,NO
2216,39.073597,38,NO
2217,165.76184,144,NO
2218,3.8333263,3,YES
2219,168.67798,140,NO
2220,104.58945,87,NO
2221,170.09845,156,NO
2222,27.815304,36,NO
2223,11.082422,15,YES
2224,163.2879,175,NO
2225,156.98871,116,NO
2226,128.42162,149,NO
2227,31.438633,23,NO
2228,94.01565,60,NO
2229,157.7058,121,NO
2230,170.12021,131,NO
2231,5.0773344,4,YES
2232,84.53434,90,NO
2233,54.532658,61,NO
2234,150.67899,252,NO
2235,146.54265,103,NO
2236,81.12327,83,NO
2237,118.01626,144,NO
2238,163.46849,274,NO
2239,116.06007,119,NO
2240,127.3321,139,NO
2241,124.21491,140,NO
2242,17.807575,15,YES
2243,133.76784,148,NO
2244,92.20677,94,NO
2245,47.962803,50,NO
2246,50.958168,71,NO
2247,62.56601,65,NO
2248,68.526794,63,NO
2249,8.293459,8,YES
2250,118.08474,102,NO
2251,170.11307,152,NO
2252,168.94122,151,NO
2253,44.415977,56,NO
2254,95.851616,56,NO
2255,124.429726,96,NO
2256,39.527023,29,NO
2257,132.28271,136,NO
2258,45.37276,51,NO
2259,127.8097,128,NO
2260,10.98144,12,YES
2261,4.245321,6,YES
2262,70.42806,83,NO
2263,23.805511,22,NO
2264,129.84564,166,NO
2265,100.681145,99,NO
2266,169.94609,228,NO
2267,12.149776,7,YES
2268,25.802446,35,NO
2269,32.716236,30,NO
2270,93.957695,82,NO
2271,104.93331,97,NO
2272,170.11842,186,NO
2273,166.35449,150,NO
2274,74.20317,74,NO
2275,138.2167,149,NO
2276,60.7956,53,NO
2277,147.6466,98,NO
2278,117.10877,116,NO
2279,160.5349,127,NO
2280,155.61108,176,NO
2281,47.65118,69,NO
2282,50.512352,65,NO
2283,8.4728775,8,YES
2284,134.31317,142,NO
2285,42.276737,30,NO
2286,161.09973,120,NO
2287,132.44946,139,NO
2288,69.251526,74,NO
2289,120.31759,119,NO
2290,110.878555,153,NO
2291,42.878582,56,NO
2292,99.887245,126,NO
2293,160.31697,161,NO
2294,124.92941,124,NO
2295,4.242608,3,YES
2296,1.9266491,0,YES
2297,118.31014,133,NO
2298,126.80175,92,NO
2299,23.375626,28,NO
2300,165.18784,158,NO
2301,59.723007,62,NO
2302,68.466835,55,NO
2303,170.13086,232,NO
2304,169.62714,206,NO
2305,88.48611,76,NO
2306,47.74913,32,NO
2307,52.59426,75,NO
2308,6.3611774,8,YES
2309,139.46101,153,NO
2310,25.681192,26,NO
2311,2.6348643,0,YES
2312,22.051172,12,NO
2313,50.255833,51,NO
2314,147.72546,117,NO
2315,120.13367,159,NO
2316,61.83426,82,NO
2317,34.884876,44,NO
2318,135.60712,106,NO
2319,144.46997,115,NO
2320,170.11813,162,NO
2321,47.54321,62,NO
2322,39.513947,39,NO
2323,170.11385,219,NO
2324,136.75891,110,NO
2325,22.331879,13,NO
2326,125.00787,152,NO
2327,101.58204,91,NO
2328,29.353031,29,NO
2329,24.959604,40,NO
2330,135.46085,116,NO
2331,82.294945,108,NO
2332,5.0403137,2,YES
2333,49.483753,53,NO
2334,29.848589,32,NO
2335,6.618275,6,YES
2336,170.1213,147,NO
2337,82.7918,64,NO
2338,47.146294,49,NO
2339,50.884926,54,NO
2340,124.99848,123,NO
2341,158.77353,185,NO
2342,107.05102,108,NO
2343,102.51237,127,NO
2344,127.5097,148,NO
2345,39.972378,39,NO
2346,49.8651,59,NO
2347,50.216343,42,NO
2348,168.24031,148,NO
2349,117.73107,125,NO
2350,165.4516,217,NO
2351,88.99703,92,NO
2352,11.7596,9,YES
2353,72.6233,62,NO
2354,31.219212,41,NO
2355,163.92345,130,NO
2356,43.381916,40,NO
2357,85.16036,114,NO
2358,170.03586,144,NO
2359,57.623333,64,NO
2360,45.840862,37,NO
2361,26.480825,37,NO
2362,63.01475,68,NO
2363,36.888775,36,NO
2364,154.30704,133,NO
2365,152.80016,109,NO
2366,5.162962,5,YES
2367,119.342834,104,NO
2368,100.386055,94,NO
2369,37.974594,37,NO
2370,133.2203,178,NO
2371,163.30324,131,NO
2372,43.463642,54,NO
2373,51.801243,69,NO
2374,136.46321,151,NO
2375,58.2906,66,NO
2376,40.09922,32,NO
2377,81.00339,74,NO
2378,56.13742,61,NO
2379,167.20456,92,NO
2380,70.593575,64,NO
2381,98.73814,93,NO
2382,17.626593,15,YES
2383,117.70432,110,NO
2384,62.92291,56,NO
2385,33.032013,26,NO
2386,170.1189,181,NO
2387,79.44221,55,NO
2388,124.44985,87,NO
2389,1.459034,2,YES
2390,39.75543,51,NO
2391,98.34735,112,NO
2392,6.6335607,9,YES
2393,95.336754,86,NO
2394,2.48044,5,YES
2395,48.44549,52,NO
2396,170.11494,159,NO
2397,86.19817,86,NO
2398,164.45326,122,NO
2399,51.0463,46,NO
2400,166.28557,168,NO
2401,41.74108,42,NO
2402,69.77158,79,NO
2403,158.21829,108,NO
2404,162.80374,158,NO
2405,116.88938,120,NO
2406,168.53537,138,NO
2407,166.2601,199,NO
2408,61.433037,75,NO
2409,96.13488,107,NO
2410,163.70538,278,NO
2411,126.43755,198,NO
2412,81.54336,83,NO
2413,153.83484,147,NO
2414,81.441154,93,NO
2415,120.66215,124,NO
2416,4.1894817,6,YES
2417,59.17354,72,NO
2418,10.256727,10,YES
2419,42.320904,54,NO
2420,67.93309,94,NO
2421,35.26322,31,NO
2422,72.61367,72,NO
2423,134.49039,163,NO
2424,72.639786,58,NO
2425,131.21503,110,NO
2426,89.33416,102,NO
2427,155.02042,132,NO
2428,83.46971,73,NO
2429,169.3919,170,NO
2430,90.00424,80,NO
2431,167.3807,187,NO
2432,141.70477,158,NO
2433,18.605328,30,YES
2434,14.6615925,22,YES
2435,50.201725,60,NO
2436,35.742294,44,NO
2437,170.1355,177,NO
2438,48.191296,40,NO
2439,34.37883,36,NO
2440,16.35825,6,YES
2441,51.65846,53,NO
2442,145.19226,114,NO
2443,27.99486,22,NO
2444,168.87927,125,NO
2445,53.052433,66,NO
2446,41.72733,50,NO
2447,169.92169,180,NO
2448,168.84976,142,NO
2449,131.65567,93,NO
2450,127.48219,106,NO
2451,155.57239,135,NO
2452,128.1141,175,NO
2453,35.086617,23,NO
2454,48.577316,47,NO
2455,167.68858,126,NO
2456,161.36423,245,NO
2457,166.54219,151,NO
2458,95.613785,113,NO
2459,166.8447,204,NO
2460,103.66308,114,NO
2461,170.1305,232,NO
2462,51.06177,64,NO
2463,140.26154,133,NO
2464,169.00381,92,NO
2465,156.58603,180,NO
2466,9.634277,17,YES
2467,36.34657,38,NO
2468,129.76413,129,NO
2469,170.09933,126,NO
2470,169.10226,153,NO
2471,98.84723,142,NO
2472,94.74714,127,NO
2473,158.46306,126,NO
2474,160.70685,175,NO
2475,60.216377,69,NO
2476,67.040016,65,NO
2477,129.54411,98,NO
2478,75.48693,77,NO
2479,75.45188,91,NO
2480,126.7698,147,NO
2481,137.03104,155,NO
2482,96.191246,95,NO
2483,147.36127,118,NO
2484,42.138027,44,NO
2485,169.54745,237,NO
2486,169.70073,227,NO
2487,64.57035,74,NO
2488,18.67912,18,YES
2489,137.75674,124,NO
2490,158.37994,219,NO
2491,23.60028,21,NO
2492,84.706764,65,NO
2493,31.04376,33,NO
2494,42.882008,65,NO
2495,140.68625,145,NO
2496,69.437416,64,NO
2497,161.7959,231,NO
2498,66.690605,57,NO
2499,155.3854,191,NO
2500,127.92821,146,NO
2501,89.14823,78,NO
2502,141.49463,114,NO
2503,27.408445,34,NO
2504,75.253685,71,NO
2505,25.95653,18,NO
2506,74.8078,66,NO
2507,151.48723,156,NO
2508,83.81031,59,NO
2509,48.9617,31,NO
2510,161.04526,128,NO
2511,138.17612,177,NO
2512,125.449005,165,NO
2513,98.342766,105,NO
2514,28.89486,37,NO
2515,13.276676,12,YES
2516,133.0405,155,NO
2517,46.290665,53,NO
2518,3.642426,6,YES
2519,2.450972,2,YES
2520,7.744432,8,YES
2521,160.42233,165,NO
2522,79.54308,86,NO
2523,154.24359,206,NO
2524,129.02705,135,NO
2525,152.51657,129,NO
2526,111.92951,106,NO
2527,18.764751,15,YES
2528,51.235683,59,NO
2529,41.91477,37,NO
2530,137.10178,136,NO
2531,69.40372,78,NO
2532,26.301376,22,NO
2533,45.38885,40,NO
2534,170.1057,131,NO
2535,146.69469,172,NO
2536,168.4974,239,NO
2537,135.46643,147,NO
2538,142.51064,124,NO
2539,6.6719036,5,YES
2540,169.1667,102,NO
2541,99.16059,96,NO
2542,26.380865,15,NO
2543,154.51501,158,NO
2544,159.66847,144,NO
2545,104.01018,103,NO
2546,27.332207,29,NO
2547,88.03188,85,NO
2548,80.78654,96,NO
2549,90.43328,108,NO
2550,72.893875,63,NO
2551,39.793827,52,NO
2552,167.93481,216,NO
2553,126.415565,140,NO
2554,125.15646,112,NO
2555,169.4062,159,NO
2556,86.1916,91,NO
2557,46.159756,54,NO
2558,170.12434,162,NO
2559,165.25719,221,NO
2560,131.04295,181,NO
2561,118.44777,179,NO
2562,2.810823,1,YES
2563,142.8463,152,NO
2564,163.70055,167,NO
2565,164.23914,224,NO
2566,71.010765,66,NO
2567,74.64068,96,NO
2568,94.36512,62,NO
2569,169.9295,151,NO
2570,37.967655,39,NO
2571,78.60349,80,NO
2572,47.655678,52,NO
2573,124.22683,164,NO
2574,169.07584,151,NO
2575,138.29572,159,NO
2576,84.137314,78,NO
2577,151.6607,168,NO
2578,166.87897,279,NO
2579,23.116032,24,NO
2580,170.11984,145,NO
2581,51.172306,71,NO
2582,161.77095,135,NO
2583,126.39713,104,NO
2584,169.76053,265,NO
2585,24.836994,23,NO
2586,69.58535,65,NO
2587,168.80829,166,NO
2588,72.93024,74,NO
2589,20.794714,21,NO
2590,84.26403,77,NO
2591,169.4571,232,NO
2592,140.57257,86,NO
2593,8.996314,8,YES
2594,80.35439,84,NO
2595,124.62629,96,NO
2596,22.581776,29,NO
2597,74.28359,70,NO
2598,134.74844,127,NO
2599,30.392746,30,NO
2600,141.30028,147,NO
2601,87.0174,103,NO
2602,25.285133,26,NO
2603,168.84811,229,NO
2604,78.248695,110,NO
2605,162.26205,277,NO
2606,64.94223,42,NO
2607,161.08073,137,NO
2608,101.212715,84,NO
2609,109.02925,109,NO
2610,12.203642,7,YES
2611,101.96146,101,NO
2612,31.417225,34,NO
2613,59.925175,67,NO
2614,61.96079,66,NO
2615,56.336376,47,NO
2616,159.08804,128,NO
2617,24.386059,27,NO
2618,14.669859,14,YES
2619,34.2588,36,NO
2620,30.80471,26,NO
2621,98.80166,100,NO
2622,167.65427,137,NO
2623,84.257484,72,NO
2624,169.98767,142,NO
2625,169.6469,164,NO
2626,61.575573,57,NO
2627,131.31796,123,NO
2628,69.948456,67,NO
2629,66.16878,72,NO
2630,50.03513,48,NO
2631,4.2090263,3,YES
2632,169.93738,173,NO
2633,30.505459,44,NO
2634,1.536304,0,YES
2635,44.326897,45,NO
2636,151.54092,115,NO
2637,72.4236,93,NO
2638,104.38746,101,NO
2639,59.258537,48,NO
2640,0.7257662,2,YES
2641,165.92096,289,NO
2642,33.468754,46,NO
2643,107.9572,136,NO
2644,60.10965,67,NO
2645,60.914757,69,NO
2646,161.95308,170,NO
2647,166.6966,163,NO
2648,86.33027,66,NO
2649,24.8955,22,NO
2650,13.956459,12,YES
2651,121.27392,124,NO
2652,86.129906,92,NO
2653,99.58551,105,NO
2654,79.36945,107,NO
2655,169.69553,192,NO
2656,13.824589,10,YES
2657,51.18601,48,NO
2658,39.09564,52,NO
2659,64.45886,72,NO
2660,89.48919,69,NO
2661,92.563156,80,NO
2662,83.663536,115,NO
2663,130.23572,147,NO
2664,7.3605967,5,YES
2665,155.24255,154,NO
2666,165.83754,113,NO
2667,114.226845,99,NO
2668,107.902885,105,NO
2669,78.890724,74,NO
2670,121.927605,118,NO
2671,101.33817,117,NO
2672,5.784396,8,YES
2673,118.16448,141,NO
2674,38.24749,41,NO
2675,8.038978,14,YES
2676,170.1264,243,NO
2677,78.60903,81,NO
2678,31.11592,17,NO
2679,58.889927,54,NO
2680,36.50423,46,NO
2681,111.36479,121,NO
2682,164.94861,176,NO
2683,47.20818,56,NO
2684,169.56741,139,NO
2685,1.9561843,1,YES
2686,22.637653,31,NO
2687,37.87736,37,NO
2688,80.91303,53,NO
2689,3.796146,4,YES
2690,167.76729,261,NO
2691,80.08477,101,NO
2692,158.77762,127,NO
2693,98.01408,97,NO
2694,112.99264,146,NO
2695,2.498289,0,YES
2696,19.305382,23,YES
2697,74.77314,93,NO
2698,11.318703,15,YES
2699,4.6721125,4,YES
2700,170.12343,194,NO
2701,66.0924,54,NO
2702,32.206665,32,NO
2703,129.5033,116,NO
2704,86.983215,85,NO
2705,98.10541,92,NO
2706,95.129684,113,NO
2707,100.256226,87,NO
2708,170.12726,164,NO
2709,35.0871,28,NO
2710,37.160168,46,NO
2711,50.04334,57,NO
2712,154.9215,88,NO
2713,161.9628,161,NO
2714,161.47221,115,NO
2715,44.75443,44,NO
2716,23.850405,20,NO
2717,161.62367,215,NO
2718,69.412346,65,NO
2719,69.84042,51,NO
2720,41.16634,34,NO
2721,107.78692,121,NO
2722,15.010696,22,YES
2723,58.191624,56,NO
2724,34.561783,31,NO
2725,143.80054,127,NO
2726,51.1004,60,NO
2727,150.4762,132,NO
2728,38.63345,41,NO
2729,52.72358,44,NO
2730,170.01767,171,NO
2731,26.542343,28,NO
2732,122.07801,161,NO
2733,90.90333,122,NO
2734,169.9974,154,NO
2735,169.97028,193,NO
2736,28.752699,30,NO
2737,153.69778,162,NO
2738,123.131615,113,NO
2739,98.03567,81,NO
2740,74.78042,65,NO
2741,54.59393,63,NO
2742,169.51157,145,NO
2743,10.889639,11,YES
2744,153.52435,171,NO
2745,21.958603,20,NO
2746,108.40232,124,NO
2747,63.570778,59,NO
2748,162.41531,196,NO
2749,15.006025,16,YES
2750,158.35925,85,NO
2751,165.08105,210,NO
2752,170.12852,157,NO
2753,50.528576,45,NO
2754,75.8682,59,NO
2755,169.70743,220,NO
2756,131.22455,169,NO
2757,13.154285,18,YES
2758,110.59199,79,NO
2759,115.52798,116,NO
2760,4.947773,3,YES
2761,165.22516,108,NO
2762,170.05093,125,NO
2763,160.16309,220,NO
2764,4.7000313,4,YES
2765,168.26328,275,NO
2766,116.54363,125,NO
2767,36.486477,44,NO
2768,110.66813,131,NO
2769,170.01074,221,NO
2770,163.1145,130,NO
2771,5.3706827,4,YES
2772,56.196568,49,NO
2773,169.19292,184,NO
2774,167.29863,116,NO
2775,121.04821,78,NO
2776,18.95093,24,YES
2777,151.60098,222,NO
2778,47.146267,59,NO
2779,63.02111,83,NO
2780,122.73585,92,NO
2781,166.63254,215,NO
2782,25.802816,23,NO
2783,5.362237,4,YES
2784,50.608303,50,NO
2785,55.3684,67,NO
2786,96.251175,117,NO
2787,33.7333,33,NO
2788,13.669937,7,YES
2789,68.02702,66,NO
2790,166.43073,104,NO
2791,123.51954,101,NO
2792,44.9667,37,NO
2793,25.696426,16,NO
2794,40.419502,41,NO
2795,170.10933,142,NO
2796,85.28075,57,NO
2797,137.0549,137,NO
2798,170.1232,157,NO
2799,145.7568,149,NO
2800,156.0654,143,NO
2801,106.0313,72,NO
2802,44.474426,35,NO
2803,77.6656,76,NO
2804,57.155834,49,NO
2805,104.13261,74,NO
2806,93.718346,81,NO
2807,54.96787,68,NO
2808,141.5696,147,NO
2809,170.00793,163,NO
2810,54.34869,46,NO
2811,90.07925,114,NO
2812,139.91258,113,NO
2813,23.393295,17,NO
2814,102.73474,132,NO
2815,141.41937,110,NO
2816,142.82437,128,NO
2817,86.32972,65,NO
2818,122.251686,88,NO
2819,120.63831,150,NO
2820,10.982203,12,YES
2821,49.19546,106,NO
2822,66.047134,76,NO
2823,138.77362,194,NO
2824,148.90144,120,NO
2825,111.481224,101,NO
2826,42.726154,33,NO
2827,104.90106,72,NO
2828,85.87603,74,NO
2829,55.393726,58,NO
2830,156.42819,198,NO
2831,19.299576,19,YES
2832,79.569786,105,NO
2833,74.33891,92,NO
2834,139.8887,145,NO
2835,129.52597,138,NO
2836,27.568356,31,NO
2837,65.57104,72,NO
2838,78.5374,87,NO
2839,67.17563,80,NO
2840,34.31123,24,NO
2841,120.49238,111,NO
2842,83.244675,115,NO
2843,62.179817,83,NO
2844,140.81982,151,NO
2845,81.11733,79,NO
2846,56.07256,47,NO
2847,65.499695,49,NO
2848,104.335884,131,NO
2849,82.406685,79,NO
2850,169.78749,164,NO
2851,7.339531,5,YES
2852,163.06046,165,NO
2853,124.33043,117,NO
2854,111.69452,128,NO
2855,106.67419,98,NO
2856,90.92465,60,NO
2857,170.08984,279,NO
2858,71.95256,106,NO
2859,32.260063,28,NO
2860,154.40704,164,NO
2861,26.354897,22,NO
2862,49.02743,58,NO
2863,151.55338,164,NO
2864,6.975249,2,YES
2865,76.25947,90,NO
2866,170.13135,190,NO
2867,82.141464,67,NO
2868,167.56924,226,NO
2869,141.99678,105,NO
2870,13.278503,14,YES
2871,170.12166,133,NO
2872,15.74737,14,YES
2873,76.27006,107,NO
2874,158.01157,163,NO
2875,167.31879,166,NO
2876,69.697266,66,NO
2877,21.024073,20,NO
2878,7.314087,16,YES
2879,43.38744,38,NO
2880,146.20264,185,NO
2881,78.96896,71,NO
2882,43.98573,46,NO
2883,146.2998,118,NO
2884,42.32046,42,NO
2885,96.695885,108,NO
2886,106.50848,125,NO
2887,43.436817,38,NO
2888,120.26982,114,NO
2889,125.699104,101,NO
2890,67.012665,69,NO
2891,64.005646,73,NO
2892,74.7056,109,NO
2893,24.088207,26,NO
2894,165.5927,161,NO
2895,55.608524,44,NO
2896,100.36666,123,NO
2897,45.159664,56,NO
2898,168.44308,163,NO
2899,169.15634,189,NO
2900,97.73321,96,NO
2901,170.02509,203,NO
2902,43.063267,56,NO
2903,146.2408,117,NO
2904,58.162113,68,NO
2905,164.50552,142,NO
2906,75.71996,80,NO
2907,97.41642,100,NO
2908,117.72631,73,NO
2909,166.09059,138,NO
2910,170.13153,179,NO
2911,63.290096,85,NO
2912,74.28944,72,NO
2913,63.425312,52,NO
2914,53.0683,43,NO
2915,27.248875,21,NO
2916,75.80065,80,NO
2917,62.43426,50,NO
2918,5.009701,1,YES
2919,163.49193,129,NO
2920,29.459711,22,NO
2921,43.73794,42,NO
2922,161.98897,195,NO
2923,45.455837,45,NO
2924,100.57003,112,NO
2925,123.37415,118,NO
2926,94.26142,92,NO
2927,162.83337,183,NO
2928,120.14852,128,NO
2929,93.38502,97,NO
2930,166.62192,158,NO
2931,5.2970843,6,YES
2932,83.02924,98,NO
2933,88.7481,97,NO
2934,135.52098,133,NO
2935,42.2854,51,NO
2936,128.30327,146,NO
2937,4.4680753,7,YES
2938,168.87157,142,NO
2939,80.089,66,NO
2940,74.267204,78,NO
2941,124.502174,133,NO
2942,165.94464,140,NO
2943,72.37743,57,NO
2944,170.09814,203,NO
2945,67.12968,83,NO
2946,17.583113,20,YES
2947,3.4562569,4,YES
2948,169.70087,198,NO
2949,170.07516,154,NO
2950,96.94785,89,NO
2951,94.09351,95,NO
2952,100.4016,86,NO
2953,54.699062,48,NO
2954,42.00619,59,NO
2955,51.25303,54,NO
2956,70.68592,87,NO
2957,170.1321,244,NO
2958,158.20047,164,NO
2959,134.69724,124,NO
2960,72.62255,95,NO
2961,127.36169,100,NO
2962,61.99733,55,NO
2963,2.4152322,2,YES
2964,22.743303,31,NO
2965,99.59464,77,NO
2966,50.9115,55,NO
2967,55.17559,63,NO
2968,63.7307,68,NO
2969,64.2391,50,NO
2970,170.05862,140,NO
2971,36.737926,27,NO
2972,110.255844,114,NO
2973,22.082684,15,NO
2974,169.79677,151,NO
2975,79.014885,85,NO
2976,126.591324,138,NO
2977,8.600039,10,YES
2978,170.12408,145,NO
2979,16.244635,15,YES
2980,36.62511,47,NO
2981,56.8538,57,NO
2982,169.24062,193,NO
2983,71.905304,78,NO
2984,53.015495,69,NO
2985,95.444405,82,NO
2986,162.0108,136,NO
2987,141.98419,94,NO
2988,46.762695,62,NO
2989,17.617456,23,YES
2990,49.46433,41,NO
2991,18.142988,17,YES
2992,113.23494,152,NO
2993,75.94184,89,NO
2994,109.48963,108,NO
2995,170.02289,126,NO
2996,162.25505,147,NO
2997,106.88386,85,NO
2998,55.882526,46,NO
2999,152.0518,161,NO
3000,88.02809,105,NO
3001,169.83327,270,NO
3002,170.13779,171,NO
3003,128.75237,136,NO
3004,146.62405,143,NO
3005,93.78646,96,NO
3006,74.65296,60,NO
3007,122.719444,251,NO
3008,53.878967,60,NO
3009,115.68798,140,NO
3010,65.95974,47,NO
3011,103.57093,94,NO
3012,168.57082,236,NO
3013,31.80155,26,NO
3014,3.3160634,3,YES
3015,74.62094,61,NO
3016,170.05228,154,NO
3017,14.965719,12,YES
3018,55.138126,74,NO
3019,147.6217,119,NO
3020,52.396515,51,NO
3021,165.18637,170,NO
3022,32.94303,27,NO
3023,169.92116,318,NO
3024,76.07368,82,NO
3025,117.44403,136,NO
3026,146.14066,137,NO
3027,117.680565,140,NO
3028,17.374392,17,YES
3029,46.29945,46,NO
3030,77.2024,76,NO
3031,33.838863,40,NO
3032,32.780373,41,NO
3033,23.067188,31,NO
3034,127.686615,131,NO
3035,36.016552,38,NO
3036,28.870495,32,NO
3037,142.51727,104,NO
3038,85.88619,106,NO
3039,30.138094,34,NO
3040,78.44649,73,NO
3041,76.86598,94,NO
3042,33.429596,47,NO
3043,45.839127,46,NO
3044,70.88022,72,NO
3045,149.23355,112,NO
3046,48.642063,39,NO
3047,37.568768,37,NO
3048,139.65894,105,NO
3049,134.27946,128,NO
3050,88.62645,76,NO
3051,113.44492,84,NO
3052,43.679325,62,NO
3053,8.68185,5,YES
3054,104.14467,119,NO
3055,150.81296,143,NO
3056,128.6713,109,NO
3057,169.008,157,NO
3058,77.98201,52,NO
3059,61.683403,67,NO
3060,135.2313,159,NO
3061,170.08769,303,NO
3062,59.5988,47,NO
3063,168.73685,142,NO
3064,32.520576,39,NO
3065,122.71459,121,NO
3066,169.18845,167,NO
3067,167.18439,301,NO
3068,14.670879,22,YES
3069,168.99022,124,NO
3070,165.67172,161,NO
3071,169.9574,212,NO
3072,85.21153,100,NO
3073,64.9038,64,NO
3074,170.12067,172,NO
3075,161.90405,218,NO
3076,130.7586,165,NO
3077,48.422443,62,NO
3078,4.9865146,6,YES
3079,32.36127,32,NO
3080,45.188267,42,NO
3081,79.18625,74,NO
3082,140.96028,169,NO
3083,143.2331,123,NO
3084,138.39793,99,NO
3085,138.11877,182,NO
3086,58.054867,68,NO
3087,117.33076,107,NO
3088,36.647617,47,NO
3089,53.154232,47,NO
3090,27.9068,30,NO
3091,131.63992,131,NO
3092,106.37466,115,NO
3093,162.44876,266,NO
3094,167.10422,295,NO
3095,115.194496,84,NO
3096,80.58669,93,NO
3097,10.16103,7,YES
3098,139.16228,183,NO
3099,147.31203,158,NO
3100,98.900925,100,NO
3101,170.02832,191,NO
3102,26.882603,33,NO
3103,27.911974,22,NO
3104,66.18927,60,NO
3105,24.191778,19,NO
3106,96.793816,108,NO
3107,170.12372,177,NO
3108,170.12004,156,NO
3109,139.51802,122,NO
3110,71.106285,75,NO
3111,169.13147,157,NO
3112,51.17792,63,NO
3113,39.88058,40,NO
3114,113.45579,139,NO
3115,169.7498,271,NO
3116,62.459476,61,NO
3117,116.27369,128,NO
3118,56.899853,56,NO
3119,91.7342,118,NO
3120,113.73378,137,NO
3121,145.8582,106,NO
3122,151.71796,152,NO
3123,69.72645,67,NO
3124,70.95466,60,NO
3125,19.659595,24,YES
3126,170.11728,183,NO
3127,89.896645,93,NO
3128,84.94189,74,NO
3129,1.7384305,0,YES
3130,170.12494,252,NO
3131,124.5387,131,NO
3132,23.046764,28,NO
3133,60.296803,81,NO
3134,97.89381,104,NO
3135,59.707073,60,NO
3136,132.17682,169,NO
3137,78.93407,111,NO
3138,163.11569,177,NO
3139,113.70011,123,NO
3140,169.82446,187,NO
3141,3.0056925,0,YES
3142,39.03966,27,NO
3143,170.08472,148,NO
3144,163.73917,219,NO
3145,62.76411,48,NO
3146,168.494,197,NO
3147,140.28848,160,NO
3148,89.8036,93,NO
3149,21.861198,19,NO
3150,70.005,56,NO
3151,52.458965,63,NO
3152,48.425995,48,NO
3153,15.297956,17,YES
3154,164.51823,210,NO
3155,139.01068,185,NO
3156,125.04204,124,NO
3157,19.20904,17,YES
3158,168.11652,139,NO
3159,170.13292,197,NO
3160,161.22092,229,NO
3161,97.42831,95,NO
3162,133.24194,187,NO
3163,157.66742,178,NO
3164,121.88763,153,NO
3165,169.56282,157,NO
3166,20.318634,27,NO
3167,162.58562,176,NO
3168,74.8947,75,NO
3169,170.13162,186,NO
3170,147.77544,182,NO
3171,26.477398,23,NO
3172,155.72821,102,NO
3173,122.96574,130,NO
3174,164.03618,164,NO
3175,124.04334,89,NO
3176,115.3028,83,NO
3177,61.472183,90,NO
3178,52.664043,43,NO
3179,0.28436756,2,YES
3180,76.497734,48,NO
3181,98.53101,104,NO
3182,17.108416,17,YES
3183,20.578514,21,NO
3184,91.49671,77,NO
3185,144.9161,180,NO
3186,5.826975,2,YES
3187,126.59358,84,NO
3188,65.8663,80,NO
3189,78.0819,82,NO
3190,81.09832,78,NO
3191,7.1403785,8,YES
3192,165.58705,169,NO
3193,23.387375,30,NO
3194,169.8981,122,NO
3195,158.00034,170,NO
3196,-0.15193844,1,YES
3197,118.566795,134,NO
3198,74.08371,55,NO
3199,75.032295,73,NO
3200,149.1399,132,NO
3201,146.47536,130,NO
3202,35.283184,34,NO
3203,45.906113,54,NO
3204,20.935307,19,NO
3205,99.37069,120,NO
3206,170.10992,196,NO
3207,5.5379314,1,YES
3208,52.191128,65,NO
3209,50.62119,59,NO
3210,79.064285,82,NO
3211,78.8762,99,NO
3212,87.78448,130,NO
3213,130.36456,119,NO
3214,61.109806,92,NO
3215,56.961803,53,NO
3216,162.31036,202,NO
3217,19.18319,25,YES
3218,141.27917,154,NO
3219,169.95131,231,NO
3220,145.76974,96,NO
3221,81.6751,67,NO
3222,27.977516,30,NO
3223,120.82854,135,NO
3224,112.35498,106,NO
3225,27.551033,27,NO
3226,138.15823,133,NO
3227,88.46563,80,NO
3228,59.58175,68,NO
3229,169.35391,135,NO
3230,39.767868,50,NO
3231,170.11108,161,NO
3232,3.701632,3,YES
3233,104.85289,115,NO
3234,157.76315,220,NO
3235,118.03328,142,NO
3236,48.453026,54,NO
3237,89.77656,81,NO
3238,50.20279,43,NO
3239,2.2292166,0,YES
3240,82.97991,94,NO
3241,6.690163,6,YES
3242,34.809177,41,NO
3243,34.240177,31,NO
3244,50.742798,47,NO
3245,15.6948185,18,YES
3246,163.26982,292,NO
3247,101.13793,119,NO
3248,68.781105,66,NO
3249,6.120446,1,YES
3250,30.06733,31,NO
3251,69.26771,61,NO
3252,58.046642,58,NO
3253,85.11824,77,NO
3254,4.43428,6,YES
3255,144.48215,176,NO
3256,37.159218,40,NO
3257,159.21625,132,NO
3258,71.00812,70,NO
3259,34.812225,35,NO
3260,109.68577,121,NO
3261,106.75608,79,NO
3262,169.93672,151,NO
3263,121.920135,143,NO
3264,168.9837,98,NO
3265,44.264523,33,NO
3266,91.515564,93,NO
3267,56.234547,39,NO
3268,108.68014,104,NO
3269,157.70892,129,NO
3270,79.40118,58,NO
3271,139.98721,126,NO
3272,30.388573,43,NO
3273,121.14344,123,NO
3274,169.88342,264,NO
3275,59.776855,57,NO
3276,91.02136,86,NO
3277,120.92136,123,NO
3278,77.91338,102,NO
3279,17.210684,16,YES
3280,166.66751,291,NO
3281,170.08249,206,NO
3282,93.337105,93,NO
3283,90.457634,89,NO
3284,134.14252,102,NO
3285,17.259245,14,YES
3286,20.424961,19,NO
3287,98.81514,107,NO
3288,1.5997837,3,YES
3289,166.3659,238,NO
3290,41.30214,30,NO
3291,170.09656,154,NO
3292,18.971992,18,YES
3293,162.51418,189,NO
3294,29.607338,32,NO
3295,138.6518,142,NO
3296,170.12935,176,NO
3297,45.80574,44,NO
3298,152.41483,203,NO
3299,128.18446,152,NO
3300,101.23245,99,NO
3301,88.72167,104,NO
3302,31.455872,31,NO
3303,146.51869,132,NO
3304,84.55394,98,NO
3305,170.11288,214,NO
3306,22.341194,24,NO
3307,94.663704,96,NO
3308,74.41356,71,NO
3309,132.91765,111,NO
3310,109.23084,83,NO
3311,124.401634,116,NO
3312,169.98816,138,NO
3313,33.033165,32,NO
3314,167.61206,152,NO
3315,55.92205,44,NO
3316,80.82114,97,NO
3317,170.12392,183,NO
3318,109.22145,140,NO
3319,34.062286,27,NO
3320,112.68348,120,NO
3321,100.16382,79,NO
3322,167.29472,197,NO
3323,56.170475,51,NO
3324,80.40241,74,NO
3325,32.89994,35,NO
3326,12.6507,19,YES
3327,125.925026,129,NO
3328,100.58827,76,NO
3329,121.35658,130,NO
3330,169.22455,196,NO
3331,18.815605,20,YES
3332,134.8262,142,NO
3333,125.076485,120,NO
3334,108.27109,125,NO
3335,151.63914,134,NO
3336,45.115032,52,NO
3337,32.098328,17,NO
3338,106.78181,138,NO
3339,32.199326,51,NO
3340,153.51773,119,NO
3341,169.92516,212,NO
3342,129.23839,165,NO
3343,85.47192,83,NO
3344,126.18855,105,NO
3345,78.46749,79,NO
3346,4.62815,2,YES
3347,125.098274,110,NO
3348,50.15831,36,NO
3349,78.79761,71,NO
3350,103.65865,81,NO
3351,9.521196,9,YES
3352,3.2435217,0,YES
3353,64.47817,75,NO
3354,70.79514,82,NO
3355,158.9802,183,NO
3356,121.82184,134,NO
3357,22.984398,19,NO
3358,149.41592,150,NO
3359,49.291218,42,NO
3360,58.603054,58,NO
3361,39.205032,46,NO
3362,162.59113,228,NO
3363,52.880478,109,NO
3364,108.40101,88,NO
3365,80.53966,82,NO
3366,10.319906,10,YES
3367,170.01447,326,NO
3368,163.68228,114,NO
3369,130.99182,85,NO
3370,12.116852,13,YES
3371,170.06729,206,NO
3372,85.99759,102,NO
3373,56.687157,45,NO
3374,154.22177,134,NO
3375,168.85237,123,NO
3376,117.92519,135,NO
3377,170.00473,202,NO
3378,169.77351,290,NO
3379,160.61818,309,NO
3380,5.768128,7,YES
3381,148.45268,138,NO
3382,123.85757,166,NO
3383,62.98035,68,NO
3384,21.447418,25,NO
3385,107.47675,99,NO
3386,77.985565,69,NO
3387,153.732,102,NO
3388,151.80072,126,NO
3389,120.18238,117,NO
3390,77.32746,68,NO
3391,93.96506,87,NO
3392,30.877064,28,NO
3393,121.517654,112,NO
3394,98.80898,79,NO
3395,96.18667,115,NO
3396,146.36386,157,NO
3397,125.23582,88,NO
3398,55.44069,50,NO
3399,46.97112,52,NO
3400,43.707134,37,NO
3401,167.27457,87,NO
3402,54.120205,58,NO
3403,54.373585,54,NO
3404,74.33808,71,NO
3405,145.9968,147,NO
3406,2.6818385,2,YES
3407,129.53712,114,NO
3408,52.212986,48,NO
3409,66.09051,78,NO
3410,39.25053,33,NO
3411,166.22281,145,NO
3412,91.54765,60,NO
3413,22.450424,21,NO
3414,54.33817,50,NO
3415,12.420948,15,YES
3416,49.786182,56,NO
3417,37.883835,39,NO
3418,79.85432,104,NO
3419,92.13299,98,NO
3420,143.71518,174,NO
3421,15.70286,7,YES
3422,34.374508,42,NO
3423,102.97583,84,NO
3424,123.23802,114,NO
3425,159.65906,109,NO
3426,66.27956,66,NO
3427,159.467,132,NO
3428,168.23892,94,NO
3429,65.01044,65,NO
3430,131.6485,120,NO
3431,107.540016,183,NO
3432,170.12561,226,NO
3433,162.08728,194,NO
3434,62.34969,73,NO
3435,59.053997,53,NO
3436,130.53362,100,NO
3437,121.80397,106,NO
3438,169.88179,182,NO
3439,169.1659,106,NO
3440,62.46419,62,NO
3441,112.06997,131,NO
3442,27.224182,30,NO
3443,169.97316,138,NO
3444,117.905594,83,NO
3445,94.04113,88,NO
3446,103.807846,107,NO
3447,56.50005,56,NO
3448,118.46964,122,NO
3449,18.66541,14,YES
3450,142.0636,146,NO
3451,51.20934,55,NO
3452,170.12402,196,NO
3453,132.37732,120,NO
3454,36.680523,37,NO
3455,7.09379,10,YES
3456,169.00218,140,NO
3457,145.33536,111,NO
3458,163.56026,180,NO
3459,44.53495,47,NO
3460,13.707222,15,YES
3461,95.8747,93,NO
3462,19.656063,32,YES
3463,170.12689,155,NO
3464,124.21171,99,NO
3465,33.10307,46,NO
3466,63.970974,81,NO
3467,93.94362,119,NO
3468,26.999111,29,NO
3469,162.9526,144,NO
3470,87.07824,71,NO
3471,42.489952,52,NO
3472,169.70297,144,NO
3473,125.89684,172,NO
3474,33.90493,31,NO
3475,25.384068,27,NO
3476,54.973145,58,NO
3477,67.924515,64,NO
3478,27.044079,25,NO
3479,90.46839,96,NO
3480,9.872372,17,YES
3481,38.446945,36,NO
3482,28.154438,28,NO
3483,129.66942,121,NO
3484,170.12347,198,NO
3485,33.526222,36,NO
3486,96.20864,95,NO
3487,109.42788,89,NO
3488,24.72874,33,NO
3489,168.36435,239,NO
3490,93.62766,107,NO
3491,4.18818,5,YES
3492,132.28342,166,NO
3493,24.914904,26,NO
3494,147.91806,154,NO
3495,16.637306,9,YES
3496,169.8793,163,NO
3497,70.23626,69,NO
3498,35.751026,37,NO
3499,170.12056,177,NO
3500,20.307728,19,NO
3501,120.27605,128,NO
3502,56.630642,61,NO
3503,66.8584,64,NO
3504,114.57879,102,NO
3505,142.07431,135,NO
3506,124.35353,119,NO
3507,90.39993,106,NO
3508,33.32959,31,NO
3509,111.79304,152,NO
3510,167.7202,165,NO
3511,127.82983,154,NO
3512,107.37782,76,NO
3513,54.619263,51,NO
3514,83.22715,103,NO
3515,170.06998,111,NO
3516,61.197563,80,NO
3517,154.87595,160,NO
3518,31.918081,30,NO
3519,168.71133,216,NO
3520,7.4738917,5,YES
3521,74.43487,103,NO
3522,163.52905,204,NO
3523,116.98519,93,NO
3524,146.61157,175,NO
3525,12.763411,8,YES
3526,10.3385315,7,YES
3527,163.52966,156,NO
3528,93.65199,74,NO
3529,133.60895,122,NO
3530,128.52197,153,NO
3531,21.258976,27,NO
3532,75.69532,78,NO
3533,6.0897846,1,YES
3534,73.685585,66,NO
3535,153.7021,173,NO
3536,69.90828,83,NO
3537,43.11086,34,NO
3538,72.011086,79,NO
3539,135.3693,183,NO
3540,35.344715,45,NO
3541,12.129393,11,YES
3542,11.544651,6,YES
3543,35.674824,43,NO
3544,11.398144,20,YES
3545,146.9807,109,NO
3546,71.269966,82,NO
